Primary_Key;Trasect_code;Date;Year;Month;Time;Island;Site;Bioregion;Diver;Depth;Dive_duration;Transect_length;Census_duration;Current;Temperature;Distance;Thermocline_depth;Water_temp_over_therm;Water_temp_below_therm;Vis_over_therm;Vis_below_therm;Habitat_type_RSM;Rugosity_0_3;Inclination_0_3;Rocky_reef_max_depth;SPECIES;Sex;S_less_30;S_30;S_35;S_40;S_50;S_60;S_70;S_80;S_90;S_100;S_110;S_125;S_150;S_175;S_200;S_210;S_225;S_250;S_300;S_350;S_400;S_more_400;Total;Comments;Cord1;Cord2
;1;27-feb-14;2014;February;07:18:30;Santiago;Santiago sureste;Centro-sur;David Acuña;16;45;46;2;0;C;M;16;25;;15;;;;;;Mycteroperca olfax;indeterminado;;;;;1;;;;;;;;;;;;;;;;;;;;0,31295;-90,53962
;2;27-feb-14;2014;February;07:20:45;Santiago;Santiago sureste;Centro-sur;David Acuña;16;45;43;2;0;C;M;16;25;;15;;;;;;Mycteroperca olfax;indeterminado;;;;1;;;;;;;;;;;;;;;;;;;;;;
;3;27-feb-14;2014;February;07:23:00;Santiago;Santiago sureste;Centro-sur;David Acuña;16;45;31;2;0;C;M;16;25;;15;;;;;;Dasyatis brevis;macho;;;;;;1;;;;;;;;;;;;;;;;;;;;
;4;27-feb-14;2014;February;07:28:45;Santiago;Santiago sureste;Centro-sur;David Acuña;16;45;54;2;0;C;M;16;25;;15;;;;;;Mycteroperca olfax;indeterminado;;;;1;1;1;;;;;;;;;;;;;;;;;;;;
;5;27-feb-14;2014;February;07:31:00;Santiago;Santiago sureste;Centro-sur;David Acuña;16;45;36;2;0;C;M;16;25;;15;;;;;;Mycteroperca olfax;indeterminado;;;;;1;;;;;;;;;;;;;;;;;;;;;
;6;27-feb-14;2014;February;07:36:45;Santiago;Santiago sureste;Centro-sur;David Acuña;16;45;51;2;0;C;M;16;25;;15;;;;;;Mycteroperca olfax;indeterminado;;;1;;;;;;;;;;;;;;;;;;;;;;;
;7;27-feb-14;2014;February;07:39:00;Santiago;Santiago sureste;Centro-sur;David Acuña;16;45;57;2;0;C;M;16;25;;15;;;;;;;;;;;;;;;;;;;;;;;;;;;;;;;;;
;8;27-feb-14;2014;February;07:41:15;Santiago;Santiago sureste;Centro-sur;David Acuña;16;45;59;2;0;C;M;16;25;;15;;;;;;Mycteroperca olfax;indeterminado;;1;;;;;;;;;;;;;;;;;;;;;;;;
;9;27-feb-14;2014;February;07:43:30;Santiago;Santiago sureste;Centro-sur;David Acuña;16;45;50;2;0;C;M;16;25;;15;;;;;;;;;;;;;;;;;;;;;;;;;;;;;;;;;
;10;27-feb-14;2014;February;07:45:45;Santiago;Santiago sureste;Centro-sur;David Acuña;16;45;53;2;0;C;M;16;25;;15;;;;;;;;;;;;;;;;;;;;;;;;;;;;;;;;;
;11;27-feb-14;2014;February;07:48:00;Santiago;Santiago sureste;Centro-sur;David Acuña;16;45;52;2;0;C;M;16;25;;15;;;;;;;;;;;;;;;;;;;;;;;;;;;;;;;;;
;12;27-feb-14;2014;February;07:50:15;Santiago;Santiago sureste;Centro-sur;David Acuña;16;45;38;2;0;C;M;16;25;;15;;;;;;Mycteroperca olfax;indeterminado;;1;;1;;;;;;;;;;;;;;;;;;;;;;
;13;27-feb-14;2014;February;07:52:30;Santiago;Santiago sureste;Centro-sur;David Acuña;16;45;24;2;0;C;M;16;25;;15;;;;;;Mycteroperca olfax;indeterminado;;1;;1;;;;;;;;;;;;;;;;;;;;;;
;1;27-feb-14;2014;February;10:57:00;Santiago;Poza Azules;Centro-sur;David Acuña;12;30;50;2;0;C;M;;26;;15;;;;;;;;;;;;;;;;;;;;;;;;;;;;;;;;;
;2;27-feb-14;2014;February;10:59:15;Santiago;Poza Azules;Centro-sur;David Acuña;12;30;42;2;0;C;M;;26;;15;;;;;;;;;;;;;;;;;;;;;;;;;;;;;;;;;
;3;27-feb-14;2014;February;11:01:30;Santiago;Poza Azules;Centro-sur;David Acuña;12;30;34;2;0;C;M;;26;;15;;;;;;;;;;;;;;;;;;;;;;;;;;;;;;;;;
;4;27-feb-14;2014;February;11:03:45;Santiago;Poza Azules;Centro-sur;David Acuña;12;30;41;2;0;C;M;;26;;15;;;;;;Aetobatus narinari;hembra;;;;;;;;;;1;;;;;;;;;;;;;;;;
;5;27-feb-14;2014;February;11:06:00;Santiago;Poza Azules;Centro-sur;David Acuña;12;30;37;2;0;C;M;;26;;15;;;;;;;;;;;;;;;;;;;;;;;;;;;;;;;;;
;6;27-feb-14;2014;February;11:08:15;Santiago;Poza Azules;Centro-sur;David Acuña;12;30;38;2;0;C;M;;26;;15;;;;;;;;;;;;;;;;;;;;;;;;;;;;;;;;;
;7;27-feb-14;2014;February;11:10:30;Santiago;Poza Azules;Centro-sur;David Acuña;12;30;44;2;0;C;M;;26;;15;;;;;;;;;;;;;;;;;;;;;;;;;;;;;;;;;
;8;27-feb-14;2014;February;11:12:45;Santiago;Poza Azules;Centro-sur;David Acuña;12;30;37;2;0;C;M;;26;;15;;;;;;;;;;;;;;;;;;;;;;;;;;;;;;;;;
;9;27-feb-14;2014;February;11:15:00;Santiago;Poza Azules;Centro-sur;David Acuña;12;30;39;2;0;C;M;;26;;6;;;;;;;;;;;;;;;;;;;;;;;;;;;;;;;;;
;10;27-feb-14;2014;February;11:17:15;Santiago;Poza Azules;Centro-sur;David Acuña;12;30;23;2;0;C;M;;26;;6;;;;;;;;;;;;;;;;;;;;;;;;;;;;;;;;;
;1;27-feb-14;2014;February;14:43:30;Santiago;Santiago noroeste;Centro-sur;David Acuña;15;45;60;2;1;C;M;;26;;14;;;;;;Chelonia mydas;hembra;;;;;;;;1;;;;;;;;;;;;;;;;;;
;2;27-feb-14;2014;February;14:46:00;Santiago;Santiago noroeste;Centro-sur;David Acuña;15;45;48;2;1;C;M;;26;;14;;;;;;Triaenodon obesus;macho;;;;;;;;;;;;;1;;;;;;;;;;;;;
;2;27-feb-14;2014;February;14:46:00;Santiago;Santiago noroeste;Centro-sur;David Acuña;15;45;48;2;1;C;M;;26;;14;;;;;;Chelonia mydas;;;;;;;;;1;;;;;;;;;;;;;;;;;;
;2;27-feb-14;2014;February;14:46:00;Santiago;Santiago noroeste;Centro-sur;David Acuña;15;45;48;2;1;C;M;;26;;14;;;;;;Carcharhinus galapagensis;;;;;;;;;;;;;;1;;;;;;;;;;;;;
;3;27-feb-14;2014;February;14:48:15;Santiago;Santiago noroeste;Centro-sur;David Acuña;15;45;38;2;1;C;M;;26;;14;;;;;;Triaenodon obesus;macho;;;;;;;;;;;;;1;;;;;;;;;;;;;
;4;27-feb-14;2014;February;14:50:30;Santiago;Santiago noroeste;Centro-sur;David Acuña;15;45;38;2;1;C;M;;26;;14;;;;;;Triaenodon obesus;macho;;;;;;;;;;;;1;;;;;;;;;;;;;;
;4;27-feb-14;2014;February;14:50:30;Santiago;Santiago noroeste;Centro-sur;David Acuña;15;45;38;2;1;C;M;;26;;14;;;;;;Mycteroperca olfax;;;;1;;;;;;;;;;;;;;;;;;;;;;;
;5;27-feb-14;2014;February;14:52:45;Santiago;Santiago noroeste;Centro-sur;David Acuña;15;45;37;2;1;C;M;;26;;14;;;;;;;;;;;;;;;;;;;;;;;;;;;;;;;;;
;6;27-feb-14;2014;February;14:55:00;Santiago;Santiago noroeste;Centro-sur;David Acuña;15;45;39;2;1;C;M;;26;;14;;;;;;Mycteroperca olfax;;;;1;;;;;;;;;;;;;;;;;;;;;;;
;7;27-feb-14;2014;February;14:57:15;Santiago;Santiago noroeste;Centro-sur;David Acuña;15;45;40;2;1;C;M;;26;;14;;;;;;Dasyatis brevis;hembra;;;;;;1;;;;;;;;;;;;;;;;;;;;
;8;27-feb-14;2014;February;14:59:30;Santiago;Santiago noroeste;Centro-sur;David Acuña;15;45;44;2;1;C;M;;26;;14;;;;;;Mycteroperca olfax;;;;2;1;;;;;;;;;;;;;;;;;;;;;;
;9;27-feb-14;2014;February;15:01:45;Santiago;Santiago noroeste;Centro-sur;David Acuña;15;45;39;2;1;C;M;;26;;14;;;;;;;;;;;;;;;;;;;;;;;;;;;;;;;;;
;10;27-feb-14;2014;February;15:04:00;Santiago;Santiago noroeste;Centro-sur;David Acuña;15;45;34;2;1;C;M;;26;;14;;;;;;Mycteroperca olfax;;;;;2;1;;;;;;;;;;;;;;;;;;;;;
;11;27-feb-14;2014;February;15:06:15;Santiago;Santiago noroeste;Centro-sur;David Acuña;15;45;38;2;1;C;M;;26;;14;;;;;;Mycteroperca olfax;;;;1;1;1;;;;;;;;;;;;;;;;;;;;;
;12;27-feb-14;2014;February;15:08:30;Santiago;Santiago noroeste;Centro-sur;David Acuña;15;45;30;2;1;C;M;;26;;14;;;;;;Mycteroperca olfax;;;;;1;;1;;;;;;;;;;;;;;;;;;;;
;12;27-feb-14;2014;February;15:08:30;Santiago;Santiago noroeste;Centro-sur;David Acuña;15;45;30;2;1;C;M;;26;;14;;;;;;Triaenodon obesus;hembra;;;;;;;;;;;;1;1;;;;;;;;;;;;;
;13;27-feb-14;2014;February;15:10:45;Santiago;Santiago noroeste;Centro-sur;David Acuña;15;45;34;2;1;C;M;;26;;14;;;;;;Mycteroperca olfax;;;;;1;1;;;;;;;;;;;;;;;;;;;;;
;14;27-feb-14;2014;February;15:13:00;Santiago;Santiago noroeste;Centro-sur;David Acuña;15;45;32;2;1;C;M;;26;;14;;;;;;;;;;;;;;;;;;;;;;;;;;;;;;;;;
;15;27-feb-14;2014;February;15:15:15;Santiago;Santiago noroeste;Centro-sur;David Acuña;15;45;39;2;1;C;M;;26;;14;;;;;;;;;;;;;;;;;;;;;;;;;;;;;;;;;
;16;27-feb-14;2014;February;15:17:30;Santiago;Santiago noroeste;Centro-sur;David Acuña;15;45;20;2;1;C;M;;26;;14;;;;;;Chelonia mydas;macho;;;;;;;;;1;;;;;;;;;;;;;;;;;
;16;27-feb-14;2014;February;15:17:30;Santiago;Santiago noroeste;Centro-sur;David Acuña;15;45;20;2;1;C;M;;26;;14;;;;;;Myvteroperca olfax;;;;;1;;;;;;;;;;;;;;;;;;;;;;
;1;28-feb-14;2014;February;10:50:00;Isabela;Cerro Colorado;Centro-sur;Pelayo Salinas;17;40;21;2;0;C;M;;24;;15;;R;2;2;35;;;;;;;;;;;;;;;;;;;;;;;;;;;;
;2;28-feb-14;2014;February;10:52:15;Isabela;Cerro Colorado;Centro-sur;Pelayo Salinas;17;40;47;2;0;C;M;;24;;15;;R;2;2;35;Lutjanus novemfasciatus;;;;;;15;;;;2;;;;;;;;;;;;;;;;;
;2;28-feb-14;2014;February;10:52:15;Isabela;Cerro Colorado;Centro-sur;Pelayo Salinas;17;40;47;2;0;C;M;;24;;15;;R;2;2;35;Myvteroperca olfax;;;;1;2;;;;;;;;;;;;;;;;;;;;;;
;3;28-feb-14;2014;February;10:54:30;Isabela;Cerro Colorado;Centro-sur;Pelayo Salinas;17;40;41;2;0;C;M;;24;;15;;R;2;2;35;Myvteroperca olfax;;;;1;1;;;;;;;;;;;;;;;;;;;;;;
;3;28-feb-14;2014;February;10:54:30;Isabela;Cerro Colorado;Centro-sur;Pelayo Salinas;17;40;41;2;0;C;M;;24;;15;;R;2;2;35;Chelonia mydas;macho;;;;;;;;1;;;;;;;;;;;;;;;;;;
;3;28-feb-14;2014;February;10:54:30;Isabela;Cerro Colorado;Centro-sur;Pelayo Salinas;17;40;41;2;0;C;M;;24;;15;;R;2;2;35;Dasyatis brevis;hembra;;;;;;;1;;;;;;;;;;;;;;;;;;;
;4;28-feb-14;2014;February;10:56:45;Isabela;Cerro Colorado;Centro-sur;Pelayo Salinas;17;40;45;2;0;C;M;;24;;15;;R;2;2;35;;;;;;;;;;;;;;;;;;;;;;;;;;;;
;5;28-feb-14;2014;February;10:59:00;Isabela;Cerro Colorado;Centro-sur;Pelayo Salinas;17;40;51;2;0;C;M;;24;;15;;M;1;2;25;Myvteroperca olfax;;;;1;1;;;;;;;;;;;;;;;;;;;;;;
;5;28-feb-14;2014;February;10:59:00;Isabela;Cerro Colorado;Centro-sur;Pelayo Salinas;17;40;51;2;0;C;M;;24;;15;;M;1;2;25;Scomberomorus sierra;;;;;;;;;1;;;;;;;;;;;;;;;;;;
;6;28-feb-14;2014;February;11:01:15;Isabela;Cerro Colorado;Centro-sur;Pelayo Salinas;17;40;50;2;0;C;M;;24;;15;;M;1;2;25;Myvteroperca olfax;;;;;1;1;;;;;;;;;;;;;;;;;;;;;
;7;28-feb-14;2014;February;11:03:30;Isabela;Cerro Colorado;Centro-sur;Pelayo Salinas;17;40;53;2;0;C;M;;24;;15;;M;1;2;25;Myvteroperca olfax;;;1;1;1;1;;;;;;;;;;;;;;;;;;;;;
;8;28-feb-14;2014;February;11:05:45;Isabela;Cerro Colorado;Centro-sur;Pelayo Salinas;17;40;64;2;0;C;M;;24;;15;;M;1;2;25;Myvteroperca olfax;;;;;3;;;;;;;;;;;;;;;;;;;;;;
;9;28-feb-14;2014;February;11:08:00;Isabela;Cerro Colorado;Centro-sur;Pelayo Salinas;17;40;62;2;0;C;M;;24;;15;;M;1;2;25;Myvteroperca olfax;;;;;1;;;;;;;;;;;;;;;;;;;;;;
;10;28-feb-14;2014;February;11:10:15;Isabela;Cerro Colorado;Centro-sur;Pelayo Salinas;17;40;62;2;0;C;M;;24;;15;;M;1;2;25;Caranx caninus;;;;;;;;40;;;;;;;;;;;;;;;;;;;
;10;28-feb-14;2014;February;11:12:30;Isabela;Cerro Colorado;Centro-sur;Pelayo Salinas;17;40;60;2;0;C;M;;24;;15;;M;1;2;25;Scomberomorus sierra;;;;;;;;;;3;;;;;;;;;;;;;;;;;
;11;28-feb-14;2014;February;11:12:30;Isabela;Cerro Colorado;Centro-sur;Pelayo Salinas;17;40;60;2;0;C;M;;24;;15;;M;1;2;25;Myvteroperca olfax;;;;;1;;;;;;;;;;;;;;;;;;;;;;
;12;28-feb-14;2014;February;11:14:55;Isabela;Cerro Colorado;Centro-sur;Pelayo Salinas;17;40;56;2;0;C;M;;24;;15;;M;1;2;25;;;;;;;;;;;;;;;;;;;;;;;;;;;;
;1;28-feb-14;2014;February;15:21:00;Isabela;Isabela Este 3;Centro-sur;Pelayo Salinas;15;40;52;2;0;C;M;;26;;15;;M;2;2;25;;;;;;;;;;;;;;;;;;;;;;;;;;;;
;2;28-feb-14;2014;February;15:23:15;Isabela;Isabela Este 3;Centro-sur;Pelayo Salinas;15;40;44;2;0;C;M;;26;;15;;M;2;2;25;;;;;;;;;;;;;;;;;;;;;;;;;;;;
;3;28-feb-14;2014;February;15:25:30;Isabela;Isabela Este 3;Centro-sur;Pelayo Salinas;15;40;45;2;0;C;M;;26;;15;;M;2;2;25;Caranx caballus;;;;;50;;;;;;;;;;;;;;;;;;;;;;
;4;28-feb-14;2014;February;15:27:45;Isabela;Isabela Este 3;Centro-sur;Pelayo Salinas;15;40;38;2;0;C;M;;26;;15;;M;2;2;25;Scomberomorus sierra;;;;;;;;;;5;;;;;;;;;;;;;;;;;
;5;28-feb-14;2014;February;15:30:00;Isabela;Isabela Este 3;Centro-sur;Pelayo Salinas;15;40;36;2;0;C;M;;26;;15;;M;2;2;25;Myvteroperca olfax;;;;3;;;;;;;;;;;;;;;;;;;;;;;
;6;28-feb-14;2014;February;15:32:15;Isabela;Isabela Este 3;Centro-sur;Pelayo Salinas;15;40;49;2;0;C;M;;26;;15;;M;2;2;25;;;;;;;;;;;;;;;;;;;;;;;;;;;;
;7;28-feb-14;2014;February;15:34:30;Isabela;Isabela Este 3;Centro-sur;Pelayo Salinas;15;40;46;2;0;C;M;;26;;15;;M;1;2;17;;;;;;;;;;;;;;;;;;;;;;;;;;;;
;8;28-feb-14;2014;February;15:36:45;Isabela;Isabela Este 3;Centro-sur;Pelayo Salinas;15;40;47;2;0;C;M;;26;;15;;M;1;2;17;;;;;;;;;;;;;;;;;;;;;;;;;;;;
;9;28-feb-14;2014;February;15:39:00;Isabela;Isabela Este 3;Centro-sur;Pelayo Salinas;15;40;47;2;0;C;M;;26;;15;;M;1;2;17;Lutjanus argentiventris;;;;;;;;;;2;;;;;;;;;;;;;;;;;
;9;28-feb-14;2014;February;15:39:00;Isabela;Isabela Este 3;Centro-sur;Pelayo Salinas;15;40;47;2;0;C;M;;26;;15;;M;1;2;17;Myvteroperca olfax;;;;;1;;;;;;;;;;;;;;;;;;;;;;
;10;28-feb-14;2014;February;15:41:15;Isabela;Isabela Este 3;Centro-sur;Pelayo Salinas;15;40;28;2;0;C;M;;26;;15;;M;1;2;17;Myvteroperca olfax;;;;;1;;;;;;;;;;;;;;;;;;;;;;
;10;28-feb-14;2014;February;15:41:15;Isabela;Isabela Este 3;Centro-sur;Pelayo Salinas;15;40;28;2;0;C;M;;26;;15;;M;1;2;17;Lutjanus argentiventris;;;;;;;1;;1;;;;;;;;;;;;;;;;;;
;11;28-feb-14;2014;February;15:43:30;Isabela;Isabela Este 3;Centro-sur;Pelayo Salinas;15;40;45;2;0;C;M;;26;;15;;M;1;2;17;Myvteroperca olfax;;;1;;;;;;;;;;;;;;;;;;;;;;;;
;11;28-feb-14;2014;February;15:43:30;Isabela;Isabela Este 3;Centro-sur;Pelayo Salinas;15;40;45;2;0;C;M;;26;;15;;M;1;2;17;Lutjanus argentiventris;;;;;;1;;;;;;;;;;;;;;;;;;;;;
;11;28-feb-14;2014;February;15:43:30;Isabela;Isabela Este 3;Centro-sur;Pelayo Salinas;15;40;45;2;0;C;M;;26;;15;;M;1;2;17;Triaenodon obesus;macho;;;;;;;;;;;;;1;;;;;;;;;;;;;
;12;28-feb-14;2014;February;15:45:45;Isabela;Isabela Este 3;Centro-sur;Pelayo Salinas;15;40;53;2;0;C;M;;26;;15;;M;1;2;17;Myvteroperca olfax;;;;1;;;;;;;;;;;;;;;;;;;;;;;
;13;28-feb-14;2014;February;15:48:00;Isabela;Isabela Este 3;Centro-sur;Pelayo Salinas;15;40;49;2;0;C;M;;26;;15;;M;1;2;17;Triaenodon obesus;hembra;;;;;;;;;;;;;1;1;;;;;;;;;;;;
;1;01-mar-14;2014;March;06:52:00;Isabela;Cabo Marshall;Centro-sur;David Acuña;16;40;44;2;0;C;M;;27;;20;;R;3;1;;Lutjanus argentiventris;;;1;;;1;;;;;;;;;;;;;;;;;;;;;
;1;01-mar-14;2014;March;06:52:00;Isabela;Cabo Marshall;Centro-sur;David Acuña;16;40;44;2;0;C;M;;27;;20;;R;3;1;;Myvteroperca olfax;;;;;1;;;;;;;;;;;;;;;;;;;;;;
;2;01-mar-14;2014;March;06:54:15;Isabela;Cabo Marshall;Centro-sur;David Acuña;16;40;44;2;0;C;M;;27;;20;;R;3;1;;Lutjanus argentiventris;;;;;2;;;;;;;;;;;;;;;;;;;;;;
;3;01-mar-14;2014;March;06:56:30;Isabela;Cabo Marshall;Centro-sur;David Acuña;16;40;50;2;0;C;M;;27;;20;;R;3;1;;Myvteroperca olfax;;;;;;1;;;;;;;;;;;;;;;;;;;;;
;3;01-mar-14;2014;March;06:56:30;Isabela;Cabo Marshall;Centro-sur;David Acuña;16;40;50;2;0;C;M;;27;;20;;R;3;1;;Lutjanus argentiventris;;;;;;1;;;;;;;;;;;;;;;;;;;;;
;4;01-mar-14;2014;March;06:58:45;Isabela;Cabo Marshall;Centro-sur;David Acuña;16;40;44;2;0;C;M;;27;;20;;R;3;1;;;;;;;;;;;;;;;;;;;;;;;;;;;;;
;5;01-mar-14;2014;March;07:01:00;Isabela;Cabo Marshall;Centro-sur;David Acuña;16;40;42;2;0;C;M;;27;;20;;R;3;1;;Lutjanus novemfasciatus;;;;;;1;;;;;;;;;;;;;;;;;;;;;
;5;01-mar-14;2014;March;07:01:00;Isabela;Cabo Marshall;Centro-sur;David Acuña;16;40;42;2;0;C;M;;27;;20;;R;3;1;;Lutjanus argentiventris;;;;;;;1;;;;;;;;;;;;;;;;;;;;
;5;01-mar-14;2014;March;07:01:00;Isabela;Cabo Marshall;Centro-sur;David Acuña;16;40;42;2;0;C;M;;27;;20;;R;3;1;;Mycteroperca olfax;;;;1;;;;;;;;;;;;;;;;;;;;;;;
;6;01-mar-14;2014;March;07:03:15;Isabela;Cabo Marshall;Centro-sur;David Acuña;16;40;46;2;0;C;M;;27;;20;;R;3;1;;Lutjanus novemfasciatus;;;;;;2;3;;;;;;;;;;;;;;;;;;;;
;6;01-mar-14;2014;March;07:03:15;Isabela;Cabo Marshall;Centro-sur;David Acuña;16;40;46;2;0;C;M;;27;;20;;R;3;1;;Lutjanus argentiventris;;;;;;;1;;;;;;;;;;;;;;;;;;;;
;7;01-mar-14;2014;March;07:05:30;Isabela;Cabo Marshall;Centro-sur;David Acuña;16;40;36;2;0;C;M;;27;;20;;R;3;1;;Lutjanus novemfasciatus;;;;;;4;2;;;;;;;;;;;;;;;;;;;;
;7;01-mar-14;2014;March;07:05:30;Isabela;Cabo Marshall;Centro-sur;David Acuña;16;40;36;2;0;C;M;;27;;20;;R;3;1;;Mycteroperca olfax;;;;;1;;;;;;;;;;;;;;;;;;;;;;
;8;01-mar-14;2014;March;07:07:45;Isabela;Cabo Marshall;Centro-sur;David Acuña;16;40;44;2;0;C;M;;27;;20;;R;3;1;;Lutjanus argentiventris;;;;;;3;;;;;;;;;;;;;;;;;;;;;
;9;01-mar-14;2014;March;07:10:00;Isabela;Cabo Marshall;Centro-sur;David Acuña;16;40;43;2;0;C;M;;27;;20;;R;3;1;;Lutjanus novemfasciatus;;;;;;5;3;1;;;;;;;;;;;;;;;;;;;
;10;01-mar-14;2014;March;07:12:15;Isabela;Cabo Marshall;Centro-sur;David Acuña;16;40;46;2;0;C;M;;27;;20;;R;3;1;;Lutjanus argentiventris;;;;;1;;;;;;;;;;;;;;;;;;;;;;
;10;01-mar-14;2014;March;07:12:15;Isabela;Cabo Marshall;Centro-sur;David Acuña;16;40;46;2;0;C;M;;27;;20;;R;3;1;;Lutjanus novemfasciatus;;;;;;;1;;;;;;;;;;;;;;;;;;;;
;11;01-mar-14;2014;March;07:14:30;Isabela;Cabo Marshall;Centro-sur;David Acuña;16;40;53;2;0;C;M;;27;;20;;R;3;1;;Mycteroperca olfax;;;;;;1;;;;;;;;;;;;;;;;;;;;;
;11;01-mar-14;2014;March;07:14:30;Isabela;Cabo Marshall;Centro-sur;David Acuña;16;40;53;2;0;C;M;;27;;20;;R;3;1;;Taeniura meyeni;hembra;;;;;;;;1;;;;;;;;;;;;;;;;;;
;12;01-mar-14;2014;March;07:16:45;Isabela;Cabo Marshall;Centro-sur;David Acuña;16;40;39;2;0;C;M;;27;;20;;R;3;1;;;;;;;;;;;;;;;;;;;;;;;;;;;;;
;13;01-mar-14;2014;March;07:19:00;Isabela;Cabo Marshall;Centro-sur;David Acuña;16;40;42;2;0;C;M;;27;;20;;R;3;1;;;;;;;;;;;;;;;;;;;;;;;;;;;;;
;14;01-mar-14;2014;March;07:21:15;Isabela;Cabo Marshall;Centro-sur;David Acuña;16;40;34;2;0;C;M;;27;;20;;R;3;1;;Triaenodon obesus;hembra;;;;;;;;;;;;1;;;;;;;;;;;;;;
;15;01-mar-14;2014;March;07:23:30;Isabela;Cabo Marshall;Centro-sur;David Acuña;16;40;35;2;0;C;M;;27;;20;;R;3;1;;Triaenodon obesus;macho;;;;;;;;;;;;1;;;;;;;;;;;;;;
;15;01-mar-14;2014;March;07:23:30;Isabela;Cabo Marshall;Centro-sur;David Acuña;16;40;35;2;0;C;M;;27;;20;;R;3;1;;Triaenodon obesus;hembra;;;;;;;;;;;;1;;;;;;;;;;;;;;
;1;01-mar-14;2014;March;09:46:45;Isabela;Isabela Este 5;Centro-sur;Tyler Eddy;19;30;30;2;1;C;M;;28;;15;;R;1;3;;Lutjanus novemfasciatus;;;;;;1;1;;;;;;;;;;;;;;;;;;;;
;1;01-mar-14;2014;March;09:46:45;Isabela;Isabela Este 5;Centro-sur;Tyler Eddy;19;30;30;2;1;C;M;;28;;15;;R;1;3;;Lutjanus argentiventris;;;;1;;1;3;;;;;;;;;;;;;;;;;;;;
;1;01-mar-14;2014;March;09:46:45;Isabela;Isabela Este 5;Centro-sur;Tyler Eddy;19;30;30;2;1;C;M;;28;;15;;R;1;3;;Myvteroperca olfax;;;;;;;2;;;;;;;;;;;;;;;;;;;;
;2;01-mar-14;2014;March;09:49:00;Isabela;Isabela Este 5;Centro-sur;Tyler Eddy;16;30;55;2;1;C;M;;28;;15;;R;1;3;;Myvteroperca olfax;;;;;;3;;;;;;;;;;;;;;;;;;;;;
;2;01-mar-14;2014;March;09:49:00;Isabela;Isabela Este 5;Centro-sur;Tyler Eddy;16;30;55;2;1;C;M;;28;;15;;R;1;3;;Lutjanus novemfasciatus;;;;;;;1;;;;;;;;;;;;;;;;;;;;
;2;01-mar-14;2014;March;09:49:00;Isabela;Isabela Este 5;Centro-sur;Tyler Eddy;16;30;55;2;1;C;M;;28;;15;;R;1;3;;Lutjanus argentiventris;;;;;1;1;1;;;;;;;;;;;;;;;;;;;;
;3;01-mar-14;2014;March;09:51:15;Isabela;Isabela Este 5;Centro-sur;Tyler Eddy;16;30;56;2;1;C;M;;28;;15;;R;1;3;;Myvteroperca olfax;;;1;;1;1;;;;;;;;;;;;;;;;;;;;;
;3;01-mar-14;2014;March;09:51:15;Isabela;Isabela Este 5;Centro-sur;Tyler Eddy;16;30;56;2;1;C;M;;28;;15;;R;1;3;;Lutjanus novemfasciatus;;;;;;1;;;;;;;;;;;;;;;;;;;;;
;4;01-mar-14;2014;March;09:53:30;Isabela;Isabela Este 5;Centro-sur;Tyler Eddy;14;30;43;2;1;C;M;;28;;15;;R;1;3;;Myvteroperca olfax;;;;;;2;2;;;;;;;;;;;;;;;;;;;;
;4;01-mar-14;2014;March;09:53:30;Isabela;Isabela Este 5;Centro-sur;Tyler Eddy;14;30;43;2;1;C;M;;28;;15;;R;1;3;;Lutjanus novemfasciatus;;;;;;;1;1;;;;;;;;;;;;;;;;;;;
;4;01-mar-14;2014;March;09:53:30;Isabela;Isabela Este 5;Centro-sur;Tyler Eddy;14;30;43;2;1;C;M;;28;;15;;R;1;3;;Lutjanus argentiventris;;;;;;;1;;;;;;;;;;;;;;;;;;;;
;5;01-mar-14;2014;March;09:55:45;Isabela;Isabela Este 5;Centro-sur;Tyler Eddy;15;30;44;2;1;C;M;;28;;15;;R;1;3;;Myvteroperca olfax;;;;;;1;;;;;;;;;;;;;;;;;;;;;
;6;01-mar-14;2014;March;09:58:00;Isabela;Isabela Este 5;Centro-sur;Tyler Eddy;14;30;42;2;1;C;M;;28;;15;;R;1;3;;Myvteroperca olfax;;1;;;;;;;;;;;;;;;;;;;;;;;;;
;6;01-mar-14;2014;March;09:58:00;Isabela;Isabela Este 5;Centro-sur;Tyler Eddy;14;30;42;2;1;C;M;;28;;15;;R;1;3;;Dermatolepis dermatolepis;;;;;1;;;;;;;;;;;;;;;;;;;;;;
;7;01-mar-14;2014;March;10:00:15;Isabela;Isabela Este 5;Centro-sur;Tyler Eddy;14;30;53;2;1;C;M;;28;;15;;R;1;3;;Myvteroperca olfax;;;;;;1;;;;;;;;;;;;;;;;;;;;;
;8;01-mar-14;2014;March;10:02:30;Isabela;Isabela Este 5;Centro-sur;Tyler Eddy;15;30;61;2;1;C;M;;28;;15;;R;1;3;;Lutjanus argentiventris;;;;;1;;;;;;;;;;;;;;;;;;;;;;
;8;01-mar-14;2014;March;10:02:30;Isabela;Isabela Este 5;Centro-sur;Tyler Eddy;15;30;61;2;1;C;M;;28;;15;;R;1;3;;Myvteroperca olfax;;;;;;;1;;;;;;;;;;;;;;;;;;;;
;9;01-mar-14;2014;March;10:04:45;Isabela;Isabela Este 5;Centro-sur;Tyler Eddy;16;30;50;2;1;C;M;;28;;15;;M;1;3;;Myvteroperca olfax;;;;;;1;;;;;;;;;;;;;;;;;;;;;
;10;01-mar-14;2014;March;10:07:00;Isabela;Isabela Este 5;Centro-sur;Tyler Eddy;15;30;53;2;1;C;M;;28;;15;;R;1;3;;Myvteroperca olfax;;;;;;;2;;;;;;;;;;;;;;;;;;;;
;10;01-mar-14;2014;March;10:07:00;Isabela;Isabela Este 5;Centro-sur;Tyler Eddy;15;30;53;2;1;C;M;;28;;15;;R;1;3;;Lutjanus novemfasciatus;;;;;;;;1;;;;;;;;;;;;;;;;;;;
;11;01-mar-14;2014;March;10:09:15;Isabela;Isabela Este 5;Centro-sur;Tyler Eddy;16;30;56;2;1;C;M;;28;;15;;R;1;3;;Myvteroperca olfax;;;;;;;3;3;;;;;;;;;;;;;;;;;;;
;11;01-mar-14;2014;March;10:09:15;Isabela;Isabela Este 5;Centro-sur;Tyler Eddy;16;30;56;2;1;C;M;;28;;15;;R;1;3;;Lutjanus novemfasciatus;;;;;;1;;;;;;;;;;;;;;;;;;;;;
;12;01-mar-14;2014;March;10:11:30;Isabela;Isabela Este 5;Centro-sur;Tyler Eddy;15;30;63;2;1;C;M;;28;;15;;R;1;3;;Myvteroperca olfax;;;;;;;;1;;;;;;;;;;;;;;;;;;;
;12;01-mar-14;2014;March;10:11:30;Isabela;Isabela Este 5;Centro-sur;Tyler Eddy;15;30;63;2;1;C;M;;28;;15;;R;1;3;;Lutjanus argentiventris;;;;;;;2;;;;;;;;;;;;;;;;;;;;
;13;01-mar-14;2014;March;10:13:45;Isabela;Isabela Este 5;Centro-sur;Tyler Eddy;15;30;50;2;1;C;M;;28;;15;;M;1;3;;Lutjanus argentiventris;;;3;;;1;;;;;;;;;;;;;;;;;;;;;
;13;01-mar-14;2014;March;10:13:45;Isabela;Isabela Este 5;Centro-sur;Tyler Eddy;15;30;50;2;1;C;M;;28;;15;;M;1;3;;Lutjanus novemfasciatus;;;;;;;1;;;;;;;;;;;;;;;;;;;;
;14;01-mar-14;2014;March;10:16:00;Isabela;Isabela Este 5;Centro-sur;Tyler Eddy;14;30;51;2;1;C;M;;28;;15;;R;3;3;;Myvteroperca olfax;;;;;;1;1;;;;;;;;;;;;;;;;;;;;
;14;01-mar-14;2014;March;10:16:00;Isabela;Isabela Este 5;Centro-sur;Tyler Eddy;14;30;51;2;1;C;M;;28;;15;;R;3;3;;Lutjanus argentiventris;;;;;1;;;;;;;;;;;;;;;;;;;;;;
;14;01-mar-14;2014;March;10:16:00;Isabela;Isabela Este 5;Centro-sur;Tyler Eddy;14;30;51;2;1;C;M;;28;;15;;R;3;3;;Lutjanus novemfasciatus;;;;;;1;;;;;;;;;;;;;;;;;;;;;
;14;01-mar-14;2014;March;10:16:00;Isabela;Isabela Este 5;Centro-sur;Tyler Eddy;14;30;51;2;1;C;M;;28;;15;;R;3;3;;Triaenodon obesus;;;;;;;;;;;;;;1;;;;;;;;;;;;;
;1;01-mar-14;2014;March;13:43:45;Isabela;Isabela Este 6;Centro-sur;Tyler Eddy;16;27;32;2;1;C;M;;28;;12;;M;1;3;;Lutjanus novemfasciatus;;;;;;1;1;;;;;;;;;;;;;;;;;;;;
;2;01-mar-14;2014;March;13:46:00;Isabela;Isabela Este 6;Centro-sur;Tyler Eddy;15;27;41;2;1;C;M;;28;;12;;M;1;3;;;;;;;;;;;;;;;;;;;;;;;;;;;;;
;3;01-mar-14;2014;March;13:48:15;Isabela;Isabela Este 6;Centro-sur;Tyler Eddy;16;27;48;2;1;C;M;;28;;12;;M;1;3;;Triaenodon obesus;;;;;;;;;;;;;;1;;;;;;;;;;;;;
;4;01-mar-14;2014;March;15:50:30;Isabela;Isabela Este 6;Centro-sur;Tyler Eddy;17;27;46;2;1;C;M;;28;;12;;M;1;3;;Myvteroperca olfax;;;;;;;1;;;;;;;;;;;;;;;;;;;;
;5;01-mar-14;2014;March;13:52:45;Isabela;Isabela Este 6;Centro-sur;Tyler Eddy;17;27;46;2;1;C;M;;28;;12;;M;1;3;;;;;;;;;;;;;;;;;;;;;;;;;;;;;
;6;01-mar-14;2014;March;13:54:00;Isabela;Isabela Este 6;Centro-sur;Tyler Eddy;18;27;61;2;1;C;M;;28;;12;;M;1;3;;;;;;;;;;;;;;;;;;;;;;;;;;;;;
;7;01-mar-14;2014;March;13:57:15;Isabela;Isabela Este 6;Centro-sur;Tyler Eddy;18;27;45;2;1;C;M;;28;;12;;M;1;3;;Lutjanus argentiventris;;;;;;;1;;;;;;;;;;;;;;;;;;;;
;8;01-mar-14;2014;March;13:59:30;Isabela;Isabela Este 6;Centro-sur;Tyler Eddy;18;27;38;2;1;C;M;;28;;12;;M;1;3;;Lutjanus argentiventris;;;;;1;;;;;;;;;;;;;;;;;;;;;;
;9;01-mar-14;2014;March;14:01:45;Isabela;Isabela Este 6;Centro-sur;Tyler Eddy;17;27;44;2;1;C;M;;28;;12;;M;1;3;;Myvteroperca olfax;;;;;;;;;;;;;;;;;;;;;;;;;;;
;10;01-mar-14;2014;March;14:04:00;Isabela;Isabela Este 6;Centro-sur;Tyler Eddy;17;27;46;2;1;C;M;;28;;12;;M;1;3;;Lutjanus argentiventris;;;;;2;;;;;;;;;;;;;;;;;;;;;;
;11;01-mar-14;2014;March;14:06:15;Isabela;Isabela Este 6;Centro-sur;Tyler Eddy;16;27;33;2;1;C;M;;28;;12;;M;1;3;;;;;;;;;;;;;;;;;;;;;;;;;;;;;
;12;01-mar-14;2014;March;14:08:30;Isabela;Isabela Este 6;Centro-sur;Tyler Eddy;14;27;27;2;1;C;M;;28;;12;;M;1;3;;;;;;;;;;;;;;;;;;;;;;;;;;;;;
;1;02-mar-14;2014;March;07:03:45;Isabela;Punta Albermarle;Centro-sur;Tyler Eddy;14;25;37;2;2;C;M;;21;;12;;M;1;0;;;;;;;;;;;;;;;;;;;;;;;;;;;;;
;2;02-mar-14;2014;March;07:06:00;Isabela;Punta Albermarle;Centro-sur;Tyler Eddy;15;25;32;2;2;C;M;;21;;12;;M;1;0;;Seriola rivoliana;;;;;;;1;;;;;;;;;;;;;;;;;;;;
;2;02-mar-14;2014;March;07:06:00;Isabela;Punta Albermarle;Centro-sur;Tyler Eddy;15;25;32;2;2;C;M;;21;;12;;M;1;0;;Lutjanus argentiventris;;;;;;1;;;;;;;;;;;;;;;;;;;;;
;3;02-mar-14;2014;March;07:08:15;Isabela;Punta Albermarle;Centro-sur;Tyler Eddy;15;25;36;2;2;C;M;;21;;12;;M;1;0;;;;;;;;;;;;;;;;;;;;;;;;;;;;;
;4;02-mar-14;2014;March;07:10:30;Isabela;Punta Albermarle;Centro-sur;Tyler Eddy;16;25;39;2;2;C;M;;21;;12;;M;1;0;;;;;;;;;;;;;;;;;;;;;;;;;;;;;
;5;02-mar-14;2014;March;07:12:45;Isabela;Punta Albermarle;Centro-sur;Tyler Eddy;16;25;44;2;2;C;M;;21;;12;;M;1;0;;;;;;;;;;;;;;;;;;;;;;;;;;;;;
;6;02-mar-14;2014;March;07:15:00;Isabela;Punta Albermarle;Centro-sur;Tyler Eddy;15;25;49;2;2;C;M;;21;;12;;M;1;0;;Lutjanus argentiventris;;;;;1;1;;;;;;;;;;;;;;;;;;;;;
;6;02-mar-14;2014;March;07:15:00;Isabela;Punta Albermarle;Centro-sur;Tyler Eddy;15;25;49;2;2;C;M;;21;;12;;M;1;0;;Myvteroperca olfax;;;;;1;;;;;;;;;;;;;;;;;;;;;;
;7;02-mar-14;2014;March;07:17:15;Isabela;Punta Albermarle;Centro-sur;Tyler Eddy;14;25;50;2;2;C;M;;21;;12;;M;1;0;;Lutjanus argentiventris;;;;;;;;;1;;;;;;;;;;;;;;;;;;
;8;02-mar-14;2014;March;07:19:30;Isabela;Punta Albermarle;Centro-sur;Tyler Eddy;15;25;55;2;2;C;M;;21;;12;;M;1;0;;;;;;;;;;;;;;;;;;;;;;;;;;;;;
;9;02-mar-14;2014;March;07:21:45;Isabela;Punta Albermarle;Centro-sur;Tyler Eddy;15;25;43;2;2;C;M;;21;;12;;M;1;0;;;;;;;;;;;;;;;;;;;;;;;;;;;;;
;10;02-mar-14;2014;March;07:24:00;Isabela;Punta Albermarle;Centro-sur;Tyler Eddy;16;25;39;2;2;C;M;;21;;12;;M;1;0;;;;;;;;;;;;;;;;;;;;;;;;;;;;;
;11;02-mar-14;2014;March;07:26:15;Isabela;Punta Albermarle;Centro-sur;Tyler Eddy;17;25;25;2;2;C;M;;21;;12;;M;1;0;;;;;;;;;;;;;;;;;;;;;;;;;;;;;
;1;03-mar-14;2014;March;07:15:00;Isabela;Punta Flores;Oeste fria;Tyler Eddy;16;31;40;2;1;C;M;;20;;5;;M;1;0;;Myvteroperca olfax;;;;;;1;;;;;;;;;;;;;;;;;;;;;
;1;03-mar-14;2014;March;07:15:00;Isabela;Punta Flores;Oeste fria;Tyler Eddy;16;31;40;2;1;C;M;;20;;5;;M;1;0;;Lutjanus novemfasciatus;;;;;;;1;;;;;;;;;;;;;;;;;;;;
;2;03-mar-14;2014;March;07:17:15;Isabela;Punta Flores;Oeste fria;Tyler Eddy;16;31;52;2;1;C;M;;20;;5;;M;1;0;;;;;;;;;;;;;;;;;;;;;;;;;;;;;
;3;03-mar-14;2014;March;07:19:30;Isabela;Punta Flores;Oeste fria;Tyler Eddy;19;31;54;2;1;C;M;;20;;5;;M;1;0;;;;;;;;;;;;;;;;;;;;;;;;;;;;;
;4;03-mar-14;2014;March;07:21:45;Isabela;Punta Flores;Oeste fria;Tyler Eddy;20;31;33;2;1;C;M;;20;;5;;M;1;0;;;;;;;;;;;;;;;;;;;;;;;;;;;;;
;5;03-mar-14;2014;March;07:24:00;Isabela;Punta Flores;Oeste fria;Tyler Eddy;19;31;38;2;1;C;M;;20;;5;;M;1;0;;;;;;;;;;;;;;;;;;;;;;;;;;;;;
;6;03-mar-14;2014;March;07:26:15;Isabela;Punta Flores;Oeste fria;Tyler Eddy;18;31;39;2;1;C;M;;20;;5;;M;1;0;;Myvteroperca olfax;;;;;;;;;;;;;;;;;;;;;;;;;;;
;7;03-mar-14;2014;March;07:28:30;Isabela;Punta Flores;Oeste fria;Tyler Eddy;16;31;42;2;1;C;M;;20;;5;;M;1;0;;;;;;;;;;;;;;;;;;;;;;;;;;;;;
;8;03-mar-14;2014;March;07:30:45;Isabela;Punta Flores;Oeste fria;Tyler Eddy;16;31;43;2;1;C;M;;20;;5;;M;1;0;;Myvteroperca olfax;;;;;;;1;;;;;;;;;;;;;;;;;;;;
;9;03-mar-14;2014;March;07:33:00;Isabela;Punta Flores;Oeste fria;Tyler Eddy;15;31;33;2;1;C;M;;20;;5;;M;1;0;;;;;;;;;;;;;;;;;;;;;;;;;;;;;
;10;03-mar-14;2014;March;07:35:15;Isabela;Punta Flores;Oeste fria;Tyler Eddy;15;31;52;2;1;C;M;;20;;5;;M;1;0;;Myvteroperca olfax;;;;;;;1;;;;;;;;;;;;;;;;;;;;
;11;03-mar-14;2014;March;07:37:30;Isabela;Punta Flores;Oeste fria;Tyler Eddy;15;31;44;2;1;C;M;;20;;5;;M;1;0;;Myvteroperca olfax;;;;;;;1;1;1;;;;;;;;;;;;;;;;;;
;12;03-mar-14;2014;March;07:39:45;Isabela;Punta Flores;Oeste fria;Tyler Eddy;14;31;46;2;1;C;M;;20;;5;;M;1;0;;;;;;;;;;;;;;;;;;;;;;;;;;;;;
;13;03-mar-14;2014;March;07:42:00;Isabela;Punta Flores;Oeste fria;Tyler Eddy;14;31;51;2;1;C;M;;20;;5;;M;1;0;;Myvteroperca olfax;;;;;;1;1;1;;;;;;;;;;;;;;;;;;;
;14;03-mar-14;2014;March;07:44:15;Isabela;Punta Flores;Oeste fria;Tyler Eddy;15;31;43;2;1;C;M;;20;;5;;M;1;0;;Myvteroperca olfax;;;;;;;1;1;;;;;;;;;;;;;;;;;;;
;1;03-mar-14;2014;March;10:37:15;Isabela;El Muñeco;Oeste fria;Tyler Eddy;15;23;48;2;1;C;M;;18;;8;;M;1;1;;;;;;;;;;;;;;;;;;;;;;;;;;;;;
;2;03-mar-14;2014;March;10:39:30;Isabela;El Muñeco;Oeste fria;Tyler Eddy;15;23;46;2;1;C;M;;18;;8;;M;1;1;;;;;;;;;;;;;;;;;;;;;;;;;;;;;
;3;03-mar-14;2014;March;10:41:45;Isabela;El Muñeco;Oeste fria;Tyler Eddy;16;23;45;2;1;C;M;;18;;8;;M;1;1;;;;;;;;;;;;;;;;;;;;;;;;;;;;;
;4;03-mar-14;2014;March;10:44:00;Isabela;El Muñeco;Oeste fria;Tyler Eddy;14;23;48;2;1;C;M;;18;;8;;M;1;1;;;;;;;;;;;;;;;;;;;;;;;;;;;;;
;5;03-mar-14;2014;March;10:46:15;Isabela;El Muñeco;Oeste fria;Tyler Eddy;16;23;41;2;1;C;M;;18;;8;;M;1;1;;;;;;;;;;;;;;;;;;;;;;;;;;;;;
;7;03-mar-14;2014;March;10:48:30;Isabela;El Muñeco;Oeste fria;Tyler Eddy;15;23;57;2;1;C;M;;18;;8;;M;1;1;;;;;;;;;;;;;;;;;;;;;;;;;;;;;
;8;03-mar-14;2014;March;10:50:45;Isabela;El Muñeco;Oeste fria;Tyler Eddy;17;23;45;2;1;C;M;;18;;8;;M;1;1;;;;;;;;;;;;;;;;;;;;;;;;;;;;;
;9;03-mar-14;2014;March;10:53:00;Isabela;El Muñeco;Oeste fria;Tyler Eddy;16;23;39;2;1;C;M;;18;;8;;M;1;1;;;;;;;;;;;;;;;;;;;;;;;;;;;;;
;10;03-mar-14;2014;March;10:55:15;Isabela;El Muñeco;Oeste fria;Tyler Eddy;16;23;51;2;1;C;M;;18;;8;;M;1;1;;;;;;;;;;;;;;;;;;;;;;;;;;;;;
;1;03-mar-14;2014;March;13:23:00;Isabela;Punta Vicente Roca;Oeste fria;Tyler Eddy;18;34;47;2;0;C;M;;17;;15;;R;1;3;;;;;;;;;;;;;;;;;;;;;;;;;;;;;
;2;03-mar-14;2014;March;13:25:15;Isabela;Punta Vicente Roca;Oeste fria;Tyler Eddy;17;34;50;2;0;C;M;;17;;15;;R;1;3;;;;;;;;;;;;;;;;;;;;;;;;;;;;;
;3;03-mar-14;2014;March;13:27:30;Isabela;Punta Vicente Roca;Oeste fria;Tyler Eddy;18;34;47;2;0;C;M;;17;;15;;R;1;3;;;;;;;;;;;;;;;;;;;;;;;;;;;;;
;4;03-mar-14;2014;March;13:29:45;Isabela;Punta Vicente Roca;Oeste fria;Tyler Eddy;17;34;53;2;0;C;M;;17;;15;;R;1;3;;Dermatolepis dermatolepis;;;;;;1;;;;;;;;;;;;;;;;;;;;;
;5;03-mar-14;2014;March;13:32:00;Isabela;Punta Vicente Roca;Oeste fria;Tyler Eddy;16;34;57;2;0;C;M;;17;;15;;R;1;3;;;;;;;;;;;;;;;;;;;;;;;;;;;;;
;6;03-mar-14;2014;March;13:34:15;Isabela;Punta Vicente Roca;Oeste fria;Tyler Eddy;19;34;57;2;0;C;M;;17;;15;;R;1;3;;;;;;;;;;;;;;;;;;;;;;;;;;;;;
;7;03-mar-14;2014;March;13:36:30;Isabela;Punta Vicente Roca;Oeste fria;Tyler Eddy;17;34;58;2;0;C;M;;17;;15;;R;1;3;;;;;;;;;;;;;;;;;;;;;;;;;;;;;
;8;03-mar-14;2014;March;13:38:45;Isabela;Punta Vicente Roca;Oeste fria;Tyler Eddy;16;34;53;2;0;C;M;;17;;15;;R;1;3;;;;;;;;;;;;;;;;;;;;;;;;;;;;;
;9;03-mar-14;2014;March;13:41:00;Isabela;Punta Vicente Roca;Oeste fria;Tyler Eddy;18;34;46;2;0;C;M;;17;;15;;R;1;3;;;;;;;;;;;;;;;;;;;;;;;;;;;;;
;10;03-mar-14;2014;March;13:43:15;Isabela;Punta Vicente Roca;Oeste fria;Tyler Eddy;15;34;53;2;0;C;M;;17;;15;;R;1;3;;;;;;;;;;;;;;;;;;;;;;;;;;;;;
;11;03-mar-14;2014;March;13:45:30;Isabela;Punta Vicente Roca;Oeste fria;Tyler Eddy;13;34;58;2;0;C;M;;17;;15;;R;1;3;;;;;;;;;;;;;;;;;;;;;;;;;;;;;
;12;03-mar-14;2014;March;13:47:45;Isabela;Punta Vicente Roca;Oeste fria;Tyler Eddy;12;34;42;2;0;C;M;;17;;15;;R;1;3;;;;;;;;;;;;;;;;;;;;;;;;;;;;;
;13;03-mar-14;2014;March;13:50:00;Isabela;Punta Vicente Roca;Oeste fria;Tyler Eddy;9;34;43;2;0;C;M;;17;;15;;R;1;3;;Myvteroperca olfax;;;;;;3;;1;;;;;;;;;;;;;;;;;;;
;14;03-mar-14;2014;March;13:52:15;Isabela;Punta Vicente Roca;Oeste fria;Tyler Eddy;11;34;48;2;0;C;M;;17;;15;;R;1;3;;Myvteroperca olfax;;;;;;;1;1;;;;;;;;;;;;;;;;;;;
;15;03-mar-14;2014;March;13:54:30;Isabela;Punta Vicente Roca;Oeste fria;Tyler Eddy;13;34;52;2;0;C;M;;17;;15;;R;1;3;;Myvteroperca olfax;;;;;;;1;2;1;;;;;;;;;;;;;;;;;;
;16;03-mar-14;2014;March;13:56:45;Isabela;Punta Vicente Roca;Oeste fria;Tyler Eddy;15;34;25;2;0;C;M;;17;;15;;R;1;3;;;;;;;;;;;;;;;;;;;;;;;;;;;;;
;1;04-mar-14;2014;March;07:04:40;Fernandina;Cabo Douglas;Oeste fria;David Acuña;20;45;47;2;1;C;M;;17;;10;;M;2;1;;Mycteroperca olfax;;;1;2;1;;;;;;;;;;;;;;;;;;;;;;
;2;04-mar-14;2014;March;07:06:55;Fernandina;Cabo Douglas;Oeste fria;David Acuña;20;45;42;2;1;C;M;;17;;10;;M;2;1;;Mycteroperca olfax;;;;1;2;;;;;;;;;;;;;;;;;;;;;;
;3;04-mar-14;2014;March;07:09:10;Fernandina;Cabo Douglas;Oeste fria;David Acuña;20;45;49;2;1;C;M;;17;;10;;M;2;1;;Mycteroperca olfax;;;1;;1;;;;;;;;;;;;;;;;;;;;;;
;4;04-mar-14;2014;March;07:11:25;Fernandina;Cabo Douglas;Oeste fria;David Acuña;20;45;46;2;1;C;M;;17;;10;;M;2;1;;Mycteroperca olfax;;;;;1;;;;;;;;;;;;;;;;;;;;;;
;5;04-mar-14;2014;March;07:13:40;Fernandina;Cabo Douglas;Oeste fria;David Acuña;20;45;48;2;1;C;M;;17;;10;;M;2;1;;Mycteroperca olfax;;;;;1;;;;;;;;;;;;;;;;;;;;;;
;5;04-mar-14;2014;March;07:13:40;Fernandina;Cabo Douglas;Oeste fria;David Acuña;20;45;48;2;1;C;M;;17;;10;;M;2;1;;Dasyatis brevis;macho;;;;;;1;;;;;;;;;;;;;;;;;;;;
;5;04-mar-14;2014;March;07:13:40;Fernandina;Cabo Douglas;Oeste fria;David Acuña;20;45;48;2;1;C;M;;17;;10;;M;2;1;;Dasyatis brevis;hembra;;;;;1;;;;;;;;;;;;;;;;;;;;;
;6;04-mar-14;2014;March;07:15:55;Fernandina;Cabo Douglas;Oeste fria;David Acuña;20;45;48;2;1;C;M;;17;;10;;M;2;1;;Chelonia mydas;macho;;;;;;;;1;;;;;;;;;;;;;;;;;;
;7;04-mar-14;2014;March;07:18:10;Fernandina;Cabo Douglas;Oeste fria;David Acuña;20;45;55;2;1;C;M;;17;;10;;M;2;1;;Chelonia mydas;hembra;;;;;;;1;;;;;;;;;;;;;;;;;;;
;8;04-mar-14;2014;March;07:20:25;Fernandina;Cabo Douglas;Oeste fria;David Acuña;20;45;38;2;1;C;M;;17;;10;;M;2;1;;Mycteroperca olfax;;;;;1;;;;;;;;;;;;;;;;;;;;;;
;9;04-mar-14;2014;March;07:22:40;Fernandina;Cabo Douglas;Oeste fria;David Acuña;20;45;36;2;1;C;M;;17;;7;;M;3;1;;;;;;;;;;;;;;;;;;;;;;;;;;;;;
;10;04-mar-14;2014;March;07:24:55;Fernandina;Cabo Douglas;Oeste fria;David Acuña;20;45;45;2;1;C;M;;17;;10;;M;2;1;;Torpedo peruana;;;;;;;;1;;;;;;;;;;;;;;;;;;;
;11;04-mar-14;2014;March;07:27:10;Fernandina;Cabo Douglas;Oeste fria;David Acuña;20;45;48;2;1;C;M;;17;;10;;M;2;1;;;;;;;;;;;;;;;;;;;;;;;;;;;;;
;12;04-mar-14;2014;March;07:29:25;Fernandina;Cabo Douglas;Oeste fria;David Acuña;20;45;39;2;1;C;M;;17;;10;;M;3;1;;;;;;;;;;;;;;;;;;;;;;;;;;;;;
;13;04-mar-14;2014;March;07:31:40;Fernandina;Cabo Douglas;Oeste fria;David Acuña;20;45;41;2;1;C;M;;17;;10;;M;2;1;;Myvteroperca olfax;;;;;3;1;;;;;;;;;;;;;;;;;;;;;
;14;04-mar-14;2014;March;07:33:55;Fernandina;Cabo Douglas;Oeste fria;David Acuña;20;45;17;2;1;C;M;;17;;14;;M;2;1;;Myvteroperca olfax;;;;;4;4;;;1;;;;;;;;;;;;;;;;;;
;15;04-mar-14;2014;March;07:36:10;Fernandina;Cabo Douglas;Oeste fria;David Acuña;20;45;21;2;1;C;M;;17;;14;;M;2;1;;Myvteroperca olfax;;;;;2;1;;;1;;;;;;;;;;;;;;;;;;
;1;04-mar-14;2014;March;10:05:45;Fernandina;Fernandina Norte;Oeste fria;Tyler Eddy;14;36;44;2;0;C;M;;17;;12;;R;2;2;;Myvteroperca olfax;;;;;;1;;;;;;;;;;;;;;;;;;;;;
;2;04-mar-14;2014;March;10:08:00;Fernandina;Fernandina Norte;Oeste fria;Tyler Eddy;17;36;48;2;0;C;M;;17;;12;;R;2;2;;;;;;;;;;;;;;;;;;;;;;;;;;;;;
;3;04-mar-14;2014;March;10:10:15;Fernandina;Fernandina Norte;Oeste fria;Tyler Eddy;15;36;54;2;0;C;M;;17;;12;;R;2;2;;;;;;;;;;;;;;;;;;;;;;;;;;;;;
;4;04-mar-14;2014;March;10:12:30;Fernandina;Fernandina Norte;Oeste fria;Tyler Eddy;15;36;56;2;0;C;M;;17;;12;;R;2;2;;Myvteroperca olfax;;;;;1;;;;;;;;;;;;;;;;;;;;;;
;5;04-mar-14;2014;March;10:14:45;Fernandina;Fernandina Norte;Oeste fria;Tyler Eddy;16;36;40;2;0;C;M;;17;;12;;R;2;2;;;;;;;;;;;;;;;;;;;;;;;;;;;;;
;6;04-mar-14;2014;March;10:17:00;Fernandina;Fernandina Norte;Oeste fria;Tyler Eddy;17;36;48;2;0;C;M;;17;;12;;R;2;2;;;;;;;;;;;;;;;;;;;;;;;;;;;;;
;7;04-mar-14;2014;March;10:19:15;Fernandina;Fernandina Norte;Oeste fria;Tyler Eddy;15;36;53;2;0;C;M;;17;;12;;R;2;2;;;;;;;;;;;;;;;;;;;;;;;;;;;;;
;8;04-mar-14;2014;March;10:21:30;Fernandina;Fernandina Norte;Oeste fria;Tyler Eddy;14;36;49;2;0;C;M;;17;;12;;R;2;2;;;;;;;;;;;;;;;;;;;;;;;;;;;;;
;9;04-mar-14;2014;March;10:23:45;Fernandina;Fernandina Norte;Oeste fria;Tyler Eddy;15;36;50;2;0;C;M;;17;;12;;R;2;2;;;;;;;;;;;;;;;;;;;;;;;;;;;;;
;10;04-mar-14;2014;March;10:26:00;Fernandina;Fernandina Norte;Oeste fria;Tyler Eddy;15;36;45;2;0;C;M;;17;;12;;R;2;2;;Myvteroperca olfax;;;;;;1;;;;;;;;;;;;;;;;;;;;;
;11;04-mar-14;2014;March;10:28:15;Fernandina;Fernandina Norte;Oeste fria;Tyler Eddy;14;36;42;2;0;C;M;;17;;12;;R;2;2;;;;;;;;;;;;;;;;;;;;;;;;;;;;;
;12;04-mar-14;2014;March;10:30:30;Fernandina;Fernandina Norte;Oeste fria;Tyler Eddy;16;36;39;2;0;C;M;;17;;12;;R;2;2;;Myvteroperca olfax;;;;;;;1;;;;;;;;;;;;;;;;;;;;
;13;04-mar-14;2014;March;10:32:45;Fernandina;Fernandina Norte;Oeste fria;Tyler Eddy;15;36;39;2;0;C;M;;17;;12;;R;2;2;;;;;;;;;;;;;;;;;;;;;;;;;;;;;
;14;04-mar-14;2014;March;10:35:00;Fernandina;Fernandina Norte;Oeste fria;Tyler Eddy;13;36;51;2;0;C;M;;17;;12;;R;2;2;;;;;;;;;;;;;;;;;;;;;;;;;;;;;
;15;04-mar-14;2014;March;10:37:15;Fernandina;Fernandina Norte;Oeste fria;Tyler Eddy;13;36;57;2;0;C;M;;17;;12;;R;2;2;;;;;;;;;;;;;;;;;;;;;;;;;;;;;
;16;04-mar-14;2014;March;10:39:30;Fernandina;Fernandina Norte;Oeste fria;Tyler Eddy;14;36;18;2;0;C;M;;17;;12;;R;2;2;;;;;;;;;;;;;;;;;;;;;;;;;;;;;
;1;04-mar-14;2014;March;14:08:00;Fernandina;Punta Espinoza;Oeste fria;David Acuña;16;40;37;2;1;C;M;;21;;5;;M;2;1;20;Dasyatis brevis;macho;;;;;;1;;;;;;;;;;;;;;;;;;;;
;1;04-mar-14;2014;March;14:08:00;Fernandina;Punta Espinoza;Oeste fria;David Acuña;16;40;37;2;1;C;M;;21;;5;;M;2;1;;Mycteroperca olfax;;;;;1;;;;;;;;;;;;;;;;;;;;;;
;2;04-mar-14;2014;March;14:10:15;Fernandina;Punta Espinoza;Oeste fria;David Acuña;17;40;43;2;1;C;M;;21;;5;;M;2;1;;Mycteroperca olfax;;;;;1;1;;;;;;;;;;;;;;;;;;;;;
;2;04-mar-14;2014;March;14:10:15;Fernandina;Punta Espinoza;Oeste fria;David Acuña;17;40;43;2;1;C;M;;21;;5;;M;2;1;;Chelonia mydas;hembra;;;;;;;;;;1;;;;;;;;;;;;;;;;
;3;04-mar-14;2014;March;14:12:30;Fernandina;Punta Espinoza;Oeste fria;David Acuña;17;40;39;2;1;C;M;;21;;5;;M;3;1;;Mycteroperca olfax;;;;;1;2;1;1;;;;;;;;;;;;;;;;;;;
;4;04-mar-14;2014;March;14:14:45;Fernandina;Punta Espinoza;Oeste fria;David Acuña;18;40;43;2;1;C;M;;21;;5;;M;3;1;;Paralabrax albomaculatus;;;1;;;;;;;;;;;;;;;;;;;;;;;;
;4;04-mar-14;2014;March;14:14:45;Fernandina;Punta Espinoza;Oeste fria;David Acuña;18;40;43;2;1;C;M;;21;;5;;M;3;1;;Chelonia mydas;hembra;;;;;;;;;;1;;;;;;;;;;;;;;;;
;5;04-mar-14;2014;March;14:17:00;Fernandina;Punta Espinoza;Oeste fria;David Acuña;20;40;42;2;1;C;M;;21;;5;;M;3;1;;;;;;;;;;;;;;;;;;;;;;;;;;;;;
;6;04-mar-14;2014;March;14:19:15;Fernandina;Punta Espinoza;Oeste fria;David Acuña;20;40;34;2;1;C;M;;21;;5;;M;3;1;;Dasyatis brevis;hembra;;;;;;;;1;;;;;;;;;;;;;;;;;;
;6;04-mar-14;2014;March;14:19:15;Fernandina;Punta Espinoza;Oeste fria;David Acuña;20;40;34;2;1;C;M;;21;;5;;M;1;1;;Mycteroperca olfax;;;;;1;;;;;;;;;;;;;;;;;;;;;;
;7;04-mar-14;2014;March;14:21:30;Fernandina;Punta Espinoza;Oeste fria;David Acuña;20;40;44;2;1;C;M;;21;;5;;M;1;1;;Mycteroperca olfax;;;;;3;;;;;;;;;;;;;;;;;;;;;;
;7;04-mar-14;2014;March;14:21:30;Fernandina;Punta Espinoza;Oeste fria;David Acuña;20;40;44;2;1;C;M;;21;;5;;M;1;1;;Chelonia mydas;hembra;;;;;;;;1;;;;;;;;;;;;;;;;;;
;7;04-mar-14;2014;March;14:21:30;Fernandina;Punta Espinoza;Oeste fria;David Acuña;20;40;44;2;1;C;M;;21;;5;;M;1;1;;Heterodonthus quoyi;;;;;;;;;1;;;;;;;;;;;;;;;;;;
;8;04-mar-14;2014;March;14:23:45;Fernandina;Punta Espinoza;Oeste fria;David Acuña;15;40;43;2;1;C;M;;21;;5;;M;1;2;;;;;;;;;;;;;;;;;;;;;;;;;;;;;
;9;04-mar-14;2014;March;14:26:00;Fernandina;Punta Espinoza;Oeste fria;David Acuña;15;40;47;2;1;C;M;;21;;5;;M;1;1;;Paralabrax albomaculatus;;;1;1;;;;;;;;;;;;;;;;;;;;;;;
;9;04-mar-14;2014;March;14:26:00;Fernandina;Punta Espinoza;Oeste fria;David Acuña;15;40;47;2;1;C;M;;21;;5;;M;1;1;;Mycteroperca olfax;;;;;;1;;;;;;;;;;;;;;;;;;;;;
;10;04-mar-14;2014;March;14:28:15;Fernandina;Punta Espinoza;Oeste fria;David Acuña;15;40;50;2;1;C;M;;21;;5;;M;1;1;;Mycteroperca olfax;;;;;1;1;;;;;;;;;;;;;;;;;;;;;
;11;04-mar-14;2014;March;14:30:30;Fernandina;Punta Espinoza;Oeste fria;David Acuña;15;40;49;2;1;C;M;;21;;5;;M;1;1;;Heterodonthus quoyi;;;;;;;;;2;;;;;;;;;;;;;;;;;;
;11;04-mar-14;2014;March;14:30:30;Fernandina;Punta Espinoza;Oeste fria;David Acuña;15;40;49;2;1;C;M;;21;;5;;M;1;1;;Mycteroperca olfax;;;;;3;2;;;;;;;;;;;;;;;;;;;;;
;12;04-mar-14;2014;March;14:32:45;Fernandina;Punta Espinoza;Oeste fria;David Acuña;15;40;54;2;1;C;M;;21;;5;;M;1;1;;Mycteroperca olfax;;;;;1;2;;;;;;;;;;;;;;;;;;;;;
;12;04-mar-14;2014;March;14:32:45;Fernandina;Punta Espinoza;Oeste fria;David Acuña;15;40;54;2;1;C;M;;21;;5;;M;1;1;;Dasyatis brevis;macho;;;;;;1;;;;;;;;;;;;;;;;;;;;
;12;04-mar-14;2014;March;14:32:45;Fernandina;Punta Espinoza;Oeste fria;David Acuña;15;40;54;2;1;C;M;;21;;5;;M;1;1;;Dasyatis brevis;hembra;;;;;1;;1;;;;;;;;;;;;;;;;;;;
;13;04-mar-14;2014;March;14:35:00;Fernandina;Punta Espinoza;Oeste fria;David Acuña;15;40;21;2;1;C;M;;21;;5;;M;2;1;;Dasyatis brevis;hembra;;;;;;1;;;;;;;;;;;;;;;;;;;;
;13;04-mar-14;2014;March;14:35:00;Fernandina;Punta Espinoza;Oeste fria;David Acuña;15;40;21;2;1;C;M;;21;;5;;M;2;1;;Mycteroperca olfax;;;;;1;;;;;;;;;;;;;;;;;;;;;;
;1;05-mar-14;2014;March;07:29:30;Isabela;Tagus Norte;Oeste fria;Tyler Eddy;15;31;45;2;1;C;M;;18;;10;;R;1;1;;;;;;;;;;;;;;;;;;;;;;;;;;;;;
;2;05-mar-14;2014;March;07:31:45;Isabela;Tagus Norte;Oeste fria;Tyler Eddy;17;31;45;2;1;C;M;;18;;10;;R;1;1;;;;;;;;;;;;;;;;;;;;;;;;;;;;;
;3;05-mar-14;2014;March;07:34:00;Isabela;Tagus Norte;Oeste fria;Tyler Eddy;17;31;45;2;1;C;M;;18;;10;;R;1;1;;;;;;;;;;;;;;;;;;;;;;;;;;;;;
;4;05-mar-14;2014;March;07:36:15;Isabela;Tagus Norte;Oeste fria;Tyler Eddy;19;31;45;2;1;C;M;;18;;10;;R;1;3;;Mycteroperca olfax;;;;;;1;;;;;;;;;;;;;;;;;;;;;
;5;05-mar-14;2014;March;07:38:30;Isabela;Tagus Norte;Oeste fria;Tyler Eddy;17;31;45;2;1;C;M;;18;;10;;R;1;3;;;;;;;;;;;;;;;;;;;;;;;;;;;;;
;6;05-mar-14;2014;March;07:40:45;Isabela;Tagus Norte;Oeste fria;Tyler Eddy;17;31;45;2;1;C;M;;18;;10;;R;1;3;;Paralabrax albomaculatus;;;;;;;;1;;;;;;;;;;;;;;;;;;;
;7;05-mar-14;2014;March;07:43:00;Isabela;Tagus Norte;Oeste fria;Tyler Eddy;16;31;45;2;1;C;M;;18;;10;;R;1;3;;Mycteroperca olfax;;;;;;;;1;;;;;;;;;;;;;;;;;;;
;8;05-mar-14;2014;March;07:45:15;Isabela;Tagus Norte;Oeste fria;Tyler Eddy;16;31;45;2;1;C;M;;18;;10;;R;1;3;;Paralabrax albomaculatus;;;1;;3;;;;;;;;;;;;;;;;;;;;;;
;8;05-mar-14;2014;March;07:45:15;Isabela;Tagus Norte;Oeste fria;Tyler Eddy;16;31;45;2;1;C;M;;18;;10;;R;1;3;;;;;;;;;;;;;;;;;;;;;;;;;;;;;
;9;05-mar-14;2014;March;07:47:30;Isabela;Tagus Norte;Oeste fria;Tyler Eddy;17;31;45;2;1;C;M;;18;;10;;R;1;3;;Mycteroperca olfax;;;;;;;1;;;;;;;;;;;;;;;;;;;;
;10;05-mar-14;2014;March;07:49:45;Isabela;Tagus Norte;Oeste fria;Tyler Eddy;17;31;45;2;1;C;M;;18;;10;;R;1;3;;Paralabrax albomaculatus;;;;;1;;;;;;;;;;;;;;;;;;;;;;
;11;05-mar-14;2014;March;07:52:00;Isabela;Tagus Norte;Oeste fria;Tyler Eddy;16;31;45;2;1;C;M;;18;;10;;R;1;3;;;;;;;;;;;;;;;;;;;;;;;;;;;;;
;12;05-mar-14;2014;March;07:54:15;Isabela;Tagus Norte;Oeste fria;Tyler Eddy;14;31;45;2;1;C;M;;18;;10;;R;1;3;;Paralabrax albomaculatus;;;;;1;;;;;;;;;;;;;;;;;;;;;;
;12;05-mar-14;2014;March;07:54:15;Isabela;Tagus Norte;Oeste fria;Tyler Eddy;;31;45;2;1;C;M;;18;;10;;R;1;3;;Mycteroperca olfax;;;;;;;1;;;;;;;;;;;;;;;;;;;;
;13;05-mar-14;2014;March;07:56:30;Isabela;Tagus Norte;Oeste fria;Tyler Eddy;14;31;45;2;1;C;M;;18;;10;;R;1;3;;Paralabrax albomaculatus;;;;;1;;;;;;;;;;;;;;;;;;;;;;
;14;05-mar-14;2014;March;07:58:45;Isabela;Tagus Norte;Oeste fria;Tyler Eddy;13;31;45;2;1;C;M;;18;;10;;R;1;3;;;;;;;;;;;;;;;;;;;;;;;;;;;;;
;1;05-mar-14;2014;March;10:16:30;Isabela;Los Cañones;Oeste fria;Tyler Eddy;17;29;43;2;0;C;M;;19;;12;;R;2;2;;Mycteroperca olfax;;;;;;;;1;;;;;;;;;;;;;;;;;;;
;2;05-mar-14;2014;March;10:18:45;Isabela;Los Cañones;Oeste fria;Tyler Eddy;16;29;40;2;0;C;M;;19;;12;;R;2;2;;Paralabrax albomaculatus;;;;;;1;;;;;;;;;;;;;;;;;;;;;
;3;05-mar-14;2014;March;10:21:00;Isabela;Los Cañones;Oeste fria;Tyler Eddy;15;29;43;2;0;C;M;;19;;12;;R;2;2;;;;;;;;;;;;;;;;;;;;;;;;;;;;;
;4;05-mar-14;2014;March;10:23:15;Isabela;Los Cañones;Oeste fria;Tyler Eddy;15;29;41;2;0;C;M;;19;;12;;R;2;2;;Paralabrax albomaculatus;;;;;;;1;;;;;;;;;;;;;;;;;;;;
;4;05-mar-14;2014;March;10:23:15;Isabela;Los Cañones;Oeste fria;Tyler Eddy;15;29;41;2;0;C;M;;19;;12;;R;2;2;;Mycteroperca olfax;;;;;1;;;1;;;;;;;;;;;;;;;;;;;
;5;05-mar-14;2014;March;10:25:30;Isabela;Los Cañones;Oeste fria;Tyler Eddy;14;29;40;2;0;C;M;;19;;12;;R;2;2;;;;;;;;;;;;;;;;;;;;;;;;;;;;;
;6;05-mar-14;2014;March;10:27:45;Isabela;Los Cañones;Oeste fria;Tyler Eddy;14;29;56;2;0;C;M;;19;;12;;R;2;2;;;;;;;;;;;;;;;;;;;;;;;;;;;;;
;7;05-mar-14;2014;March;10:30:00;Isabela;Los Cañones;Oeste fria;Tyler Eddy;14;29;50;2;0;C;M;;19;;12;;R;2;2;;Paralabrax albomaculatus;;;;;;;;1;;;;;;;;;;;;;;;;;;;
;8;05-mar-14;2014;March;10:32:15;Isabela;Los Cañones;Oeste fria;Tyler Eddy;14;29;50;2;0;C;M;;19;;12;;R;2;2;;Mycteroperca olfax;;;;;;;2;2;;;;;;;;;;;;;;;;;;;
;9;05-mar-14;2014;March;10:34:30;Isabela;Los Cañones;Oeste fria;Tyler Eddy;14;29;55;2;0;C;M;;19;;12;;R;2;2;;Mycteroperca olfax;;;;;;;1;;1;;;;;;;;;;;;;;;;;;
;10;05-mar-14;2014;March;10:36:45;Isabela;Los Cañones;Oeste fria;Tyler Eddy;14;29;48;2;0;C;M;;19;;12;;R;2;2;;;;;;;;;;;;;;;;;;;;;;;;;;;;;
;11;05-mar-14;2014;March;10:39:00;Isabela;Los Cañones;Oeste fria;Tyler Eddy;14;29;41;2;0;C;M;;19;;12;;R;2;2;;;;;;;;;;;;;;;;;;;;;;;;;;;;;
;12;05-mar-14;2014;March;10:41:15;Isabela;Los Cañones;Oeste fria;Tyler Eddy;14;29;48;2;0;C;M;;19;;12;;R;2;2;;;;;;;;;;;;;;;;;;;;;;;;;;;;;
;13;05-mar-14;2014;March;10:43:30;Isabela;Los Cañones;Oeste fria;Tyler Eddy;14;29;14;2;0;C;M;;19;;12;;R;2;2;;Paralabrax albomaculatus;;;;;1;;;;;;;;;;;;;;;;;;;;;;
;1;05-mar-14;2014;March;14:19:15;Fernandina;Punta Manngle;Oeste fria;Pelayo Salinas;15;40;34;2;0;C;M;;18;;10;;R;2;3;30;;;;;;;;;;;;;;;;;;;;;;;;;;;;
;2;05-mar-14;2014;March;14:21:30;Fernandina;Punta Manngle;Oeste fria;Pelayo Salinas;15;40;48;2;0;C;M;;18;;10;;R;2;3;30;Paralabrax albomaculatus;;1;;;;;;;;;;;;;;;;;;;;;;;;;
;2;05-mar-14;2014;March;14:21:30;Fernandina;Punta Manngle;Oeste fria;Pelayo Salinas;15;40;48;2;0;C;M;;18;;10;;R;2;3;30;Dasyatis brevis;indeterminado;;;;;;;;1;;;;;;;;;;;;;;;;;;
;3;05-mar-14;2014;March;14:23:45;Fernandina;Punta Manngle;Oeste fria;Pelayo Salinas;15;40;37;2;0;C;M;;18;;10;;R;2;3;30;Mycteroperca olfax;;;;;;1;;1;;;;;;;;;;;;;;;;;;;
;3;05-mar-14;2014;March;14:23:45;Fernandina;Punta Manngle;Oeste fria;Pelayo Salinas;15;40;37;2;0;C;M;;18;;10;;R;2;3;30;Paralabrax albomaculatus;;;1;;;1;;;;;;;;;;;;;;;;;;;;;
;4;05-mar-14;2014;March;14:26:00;Fernandina;Punta Manngle;Oeste fria;Pelayo Salinas;15;40;50;2;0;C;M;;18;;10;;R;2;3;30;Mycteroperca olfax;;;;;1;2;;;;;;;;;;;;;;;;;;;;;
;5;05-mar-14;2014;March;14:28:15;Fernandina;Punta Manngle;Oeste fria;Pelayo Salinas;15;40;48;2;0;C;M;;18;;10;;R;2;3;30;;;;;;;;;;;;;;;;;;;;;;;;;;;;
;6;05-mar-14;2014;March;14:30:30;Fernandina;Punta Manngle;Oeste fria;Pelayo Salinas;15;40;49;2;0;C;M;;18;;10;;R;2;3;30;Dasyatis brevis;macho;;;;;;;;1;;;;;;;;;;;;;;;;;;
;7;05-mar-14;2014;March;14:32:45;Fernandina;Punta Manngle;Oeste fria;Pelayo Salinas;15;40;44;2;0;C;M;;18;;10;;R;2;3;30;Mycteroperca olfax;;;;;1;;;;;;;;;;;;;;;;;;;;;;
;8;05-mar-14;2014;March;14:35:00;Fernandina;Punta Manngle;Oeste fria;Pelayo Salinas;15;40;48;2;0;C;M;;18;;10;;R;2;3;30;Mycteroperca olfax;;;;;1;;;;;;;;;;;;;;;;;;;;;;
;8;05-mar-14;2014;March;14:35:00;Fernandina;Punta Manngle;Oeste fria;Pelayo Salinas;15;40;48;2;0;C;M;;18;;10;;R;2;3;30;Paralabrax albomaculatus;;;;1;;;;;;;;;;;;;;;;;;;;;;;
;9;05-mar-14;2014;March;14:37:15;Fernandina;Punta Manngle;Oeste fria;Pelayo Salinas;15;40;49;2;0;C;M;;18;;10;;R;2;3;30;;;;;;;;;;;;;;;;;;;;;;;;;;;;
;10;05-mar-14;2014;March;14:39:30;Fernandina;Punta Manngle;Oeste fria;Pelayo Salinas;15;40;46;2;0;C;M;;18;;10;;R;2;3;30;;;;;;;;;;;;;;;;;;;;;;;;;;;;
;11;05-mar-14;2014;March;14:41:45;Fernandina;Punta Manngle;Oeste fria;Pelayo Salinas;15;40;50;2;0;C;M;;18;;10;;R;2;3;30;Mycteroperca olfax;;;1;;1;;;;;;;;;;;;;;;;;;;;;;
;12;05-mar-14;2014;March;14:44:00;Fernandina;Punta Manngle;Oeste fria;Pelayo Salinas;15;40;47;2;0;C;M;;18;;10;;R;2;3;30;;;;;;;;;;;;;;;;;;;;;;;;;;;;
;13;05-mar-14;2014;March;14:46:15;Fernandina;Punta Manngle;Oeste fria;Pelayo Salinas;15;40;45;2;0;C;M;;18;;10;;R;2;3;30;;;;;;;;;;;;;;;;;;;;;;;;;;;;
;14;05-mar-14;2014;March;14:48:30;Fernandina;Punta Manngle;Oeste fria;Pelayo Salinas;15;40;49;2;0;C;M;;18;;10;;R;2;3;30;;;;;;;;;;;;;;;;;;;;;;;;;;;;
;15;05-mar-14;2014;March;14:50:45;Fernandina;Punta Manngle;Oeste fria;Pelayo Salinas;15;40;47;2;0;C;M;;18;;10;;R;2;3;30;Mycteroperca olfax;;;;1;;;;;;;;;;;;;;;;;;;;;;;
;1;06-mar-14;2014;March;07:30:00;Isabela;Bahia Urvina;Oeste fria;Tyler Eddy;14;26;45;2;1;C;M;;18;;7;;M;1;0;;;;;;;;;;;;;;;;;;;;;;;;;;;;;
;2;06-mar-14;2014;March;07:32:15;Isabela;Bahia Urvina;Oeste fria;Tyler Eddy;11;26;57;2;1;C;M;;18;;7;;M;1;0;;Paralabrax albomaculatus;;;1;;1;;;;;;;;;;;;;;;;;;;;;;
;3;06-mar-14;2014;March;07:34:30;Isabela;Bahia Urvina;Oeste fria;Tyler Eddy;13;26;37;2;1;C;M;;18;;7;;M;1;0;;;;;;;;;;;;;;;;;;;;;;;;;;;;;
;4;06-mar-14;2014;March;07:36:45;Isabela;Bahia Urvina;Oeste fria;Tyler Eddy;12;26;57;2;1;C;M;;18;;7;;M;1;0;;Mycteroperca olfax;;;;;;1;2;;;;;;;;;;;;;;;;;;;;
;5;06-mar-14;2014;March;07:39:00;Isabela;Bahia Urvina;Oeste fria;Tyler Eddy;14;26;46;2;1;C;M;;18;;7;;M;1;0;;;;;;;;;;;;;;;;;;;;;;;;;;;;;
;6;06-mar-14;2014;March;07:41:15;Isabela;Bahia Urvina;Oeste fria;Tyler Eddy;16;26;52;2;1;C;M;;18;;7;;M;1;0;;;;;;;;;;;;;;;;;;;;;;;;;;;;;
;7;06-mar-14;2014;March;07:43:30;Isabela;Bahia Urvina;Oeste fria;Tyler Eddy;16;26;48;2;1;C;M;;18;;7;;M;1;0;;Paralabrax albomaculatus;;;;;;1;;;;;;;;;;;;;;;;;;;;;
;8;06-mar-14;2014;March;07:45:45;Isabela;Bahia Urvina;Oeste fria;Tyler Eddy;15;26;47;2;1;C;M;;18;;7;;M;1;0;;;;;;;;;;;;;;;;;;;;;;;;;;;;;
;9;06-mar-14;2014;March;07:48:00;Isabela;Bahia Urvina;Oeste fria;Tyler Eddy;14;26;54;2;1;C;M;;18;;7;;M;1;0;;;;;;;;;;;;;;;;;;;;;;;;;;;;;
;10;06-mar-14;2014;March;07:50:15;Isabela;Bahia Urvina;Oeste fria;Tyler Eddy;14;26;52;2;1;C;M;;18;;7;;M;1;0;;;;;;;;;;;;;;;;;;;;;;;;;;;;;
;11;06-mar-14;2014;March;07:52:30;Isabela;Bahia Urvina;Oeste fria;Tyler Eddy;15;26;48;2;1;C;M;;18;;7;;M;1;0;;;;;;;;;;;;;;;;;;;;;;;;;;;;;
;12;06-mar-14;2014;March;07:54:45;Isabela;Bahia Urvina;Oeste fria;Tyler Eddy;13;26;18;2;1;C;M;;18;;7;;M;1;0;;;;;;;;;;;;;;;;;;;;;;;;;;;;;
;1;06-mar-14;2014;March;11:42:30;Isabela;Caleta Derek;Oeste fria;Tyler Eddy;12;34;52;2;0;C;M;;17;;15;;R;2;1;;;;;;;;;;;;;;;;;;;;;;;;;;;;;
;2;06-mar-14;2014;March;11:44:45;Isabela;Caleta Derek;Oeste fria;Tyler Eddy;10;34;47;2;0;C;M;;17;;15;;R;2;1;;;;;;;;;;;;;;;;;;;;;;;;;;;;;
;3;06-mar-14;2014;March;11:47:00;Isabela;Caleta Derek;Oeste fria;Tyler Eddy;13;34;43;2;0;C;M;;17;;15;;R;2;1;;;;;;;;;;;;;;;;;;;;;;;;;;;;;
;4;06-mar-14;2014;March;11:49:15;Isabela;Caleta Derek;Oeste fria;Tyler Eddy;16;34;41;2;0;C;M;;17;;15;;R;2;1;;Paralabrax albomaculatus;;;1;;;;;;;;;;;;;;;;;;;;;;;;
;5;06-mar-14;2014;March;11:51:30;Isabela;Caleta Derek;Oeste fria;Tyler Eddy;16;34;48;2;0;C;M;;17;;15;;R;2;1;;Paralabrax albomaculatus;;;1;;1;;;;;;;;;;;;;;;;;;;;;;
;5;06-mar-14;2014;March;11:51:30;Isabela;Caleta Derek;Oeste fria;Tyler Eddy;16;34;48;2;0;C;M;;17;;15;;R;2;1;;Mycteroperca olfax;;;;;;;;2;;;;;;;;;;;;;;;;;;;
;6;06-mar-14;2014;March;11:53:45;Isabela;Caleta Derek;Oeste fria;Tyler Eddy;16;34;46;2;0;C;M;;17;;15;;R;2;1;;;;;;;;;;;;;;;;;;;;;;;;;;;;;
;7;06-mar-14;2014;March;11:56:00;Isabela;Caleta Derek;Oeste fria;Tyler Eddy;15;34;50;2;0;C;M;;17;;15;;R;2;1;;;;;;;;;;;;;;;;;;;;;;;;;;;;;
;8;06-mar-14;2014;March;11:58:15;Isabela;Caleta Derek;Oeste fria;Tyler Eddy;15;34;43;2;0;C;M;;17;;15;;R;2;1;;;;;;;;;;;;;;;;;;;;;;;;;;;;;
;9;06-mar-14;2014;March;12:00:30;Isabela;Caleta Derek;Oeste fria;Tyler Eddy;17;34;44;2;0;C;M;;17;;15;;R;2;1;;Paralabrax albomaculatus;;;;;1;;;;;;;;;;;;;;;;;;;;;;
;10;06-mar-14;2014;March;12:02:45;Isabela;Caleta Derek;Oeste fria;Tyler Eddy;16;34;50;2;0;C;M;;17;;15;;R;2;1;;Mycteroperca olfax;;;;;;1;;;;;;;;;;;;;;;;;;;;;
;11;06-mar-14;2014;March;12:05:00;Isabela;Caleta Derek;Oeste fria;Tyler Eddy;16;34;48;2;0;C;M;;17;;15;;R;2;1;;Paralabrax albomaculatus;;;;;;1;;;;;;;;;;;;;;;;;;;;;
;12;06-mar-14;2014;March;12:07:15;Isabela;Caleta Derek;Oeste fria;Tyler Eddy;15;34;42;2;0;C;M;;17;;15;;R;2;1;;Paralabrax albomaculatus;;;;;1;1;;;;;;;;;;;;;;;;;;;;;
;13;06-mar-14;2014;March;12:09:30;Isabela;Caleta Derek;Oeste fria;Tyler Eddy;15;34;47;2;0;C;M;;17;;15;;R;2;1;;Paralabrax albomaculatus;;;;;;;1;;;;;;;;;;;;;;;;;;;;
;14;06-mar-14;2014;March;12:11:45;Isabela;Caleta Derek;Oeste fria;Tyler Eddy;16;34;53;2;0;C;M;;17;;15;;R;2;1;;;;;;;;;;;;;;;;;;;;;;;;;;;;;
;15;06-mar-14;2014;March;12:14:00;Isabela;Caleta Derek;Oeste fria;Tyler Eddy;15;34;25;2;0;C;M;;17;;15;;R;2;1;;Paralabrax albomaculatus;;;1;;;;;;;;;;;;;;;;;;;;;;;;
;1;06-mar-14;2014;March;16:05:30;Isabela;Punta Moreno;Oeste fria;Tyler Eddy;13;29;50;2;1;C;M;;17;;7;;R;1;1;;Mycteroperca olfax;;;;;1;;;;;;;;;;;;;;;;;;;;;;
;2;06-mar-14;2014;March;16:07:45;Isabela;Punta Moreno;Oeste fria;Tyler Eddy;17;29;48;2;1;C;M;;17;;7;;R;1;1;;;;;;;;;;;;;;;;;;;;;;;;;;;;;
;3;06-mar-14;2014;March;16:10:00;Isabela;Punta Moreno;Oeste fria;Tyler Eddy;17;29;54;2;1;C;M;;17;;7;;R;1;1;;;;;;;;;;;;;;;;;;;;;;;;;;;;;
;4;06-mar-14;2014;March;16:12:15;Isabela;Punta Moreno;Oeste fria;Tyler Eddy;18;29;50;2;1;C;M;;17;;7;;R;1;1;;;;;;;;;;;;;;;;;;;;;;;;;;;;;
;5;06-mar-14;2014;March;16:14:30;Isabela;Punta Moreno;Oeste fria;Tyler Eddy;16;29;51;2;1;C;M;;17;;7;;R;1;1;;;;;;;;;;;;;;;;;;;;;;;;;;;;;
;6;06-mar-14;2014;March;16:16:45;Isabela;Punta Moreno;Oeste fria;Tyler Eddy;17;29;53;2;1;C;M;;17;;7;;R;1;1;;Paralabrax albomaculatus;;1;;;;;;;;;;;;;;;;;;;;;;;;;
;7;06-mar-14;2014;March;16:19:00;Isabela;Punta Moreno;Oeste fria;Tyler Eddy;16;29;51;2;1;C;M;;17;;7;;R;1;1;;;;;;;;;;;;;;;;;;;;;;;;;;;;;
;8;06-mar-14;2014;March;16:21:15;Isabela;Punta Moreno;Oeste fria;Tyler Eddy;16;29;53;2;1;C;M;;17;;7;;R;1;1;;;;;;;;;;;;;;;;;;;;;;;;;;;;;
;9;06-mar-14;2014;March;16:23:30;Isabela;Punta Moreno;Oeste fria;Tyler Eddy;15;29;49;2;1;C;M;;17;;7;;R;1;1;;Paralabrax albomaculatus;;;1;;;;;;;;;;;;;;;;;;;;;;;;
;10;06-mar-14;2014;March;16:25:45;Isabela;Punta Moreno;Oeste fria;Tyler Eddy;16;29;52;2;1;C;M;;17;;7;;R;1;1;;;;;;;;;;;;;;;;;;;;;;;;;;;;;
;11;06-mar-14;2014;March;16:28:00;Isabela;Punta Moreno;Oeste fria;Tyler Eddy;15;29;54;2;1;C;M;;17;;7;;R;1;1;;;;;;;;;;;;;;;;;;;;;;;;;;;;;
;12;06-mar-14;2014;March;16:30:15;Isabela;Punta Moreno;Oeste fria;Tyler Eddy;15;29;44;2;1;C;M;;17;;7;;R;1;1;;;;;;;;;;;;;;;;;;;;;;;;;;;;;
;13;06-mar-14;2014;March;16:32:30;Isabela;Punta Moreno;Oeste fria;Tyler Eddy;15;29;13;2;1;C;M;;17;;7;;R;1;1;;;;;;;;;;;;;;;;;;;;;;;;;;;;;
;1;07-mar-14;2014;March;07:33:00;Isabela;Caleta Webb;Oeste fria;Tyler Eddy;10;29;45;2;1;C;M;;19;;10;;M;1;1;;;;;;;;;;;;;;;;;;;;;;;;;;;;;
;2;07-mar-14;2014;March;07:35:15;Isabela;Caleta Webb;Oeste fria;Tyler Eddy;16;29;52;2;1;C;M;;19;;10;;M;1;1;;;;;;;;;;;;;;;;;;;;;;;;;;;;;
;3;07-mar-14;2014;March;07:37:30;Isabela;Caleta Webb;Oeste fria;Tyler Eddy;13;29;46;2;1;C;M;;19;;10;;M;1;1;;;;;;;;;;;;;;;;;;;;;;;;;;;;;
;4;07-mar-14;2014;March;07:39:45;Isabela;Caleta Webb;Oeste fria;Tyler Eddy;13;29;46;2;1;C;M;;19;;10;;M;1;1;;;;;;;;;;;;;;;;;;;;;;;;;;;;;
;5;07-mar-14;2014;March;07:42:00;Isabela;Caleta Webb;Oeste fria;Tyler Eddy;16;29;38;2;1;C;M;;19;;10;;M;1;1;;Mycteroperca olfax;;;;;;;1;;;;;;;;;;;;;;;;;;;;
;6;07-mar-14;2014;March;07:44:15;Isabela;Caleta Webb;Oeste fria;Tyler Eddy;16;29;45;2;1;C;M;;19;;10;;M;1;1;;;;;;;;;;;;;;;;;;;;;;;;;;;;;
;7;07-mar-14;2014;March;07:46:30;Isabela;Caleta Webb;Oeste fria;Tyler Eddy;17;29;45;2;1;C;M;;19;;10;;M;1;1;;;;;;;;;;;;;;;;;;;;;;;;;;;;;
;8;07-mar-14;2014;March;07:48:45;Isabela;Caleta Webb;Oeste fria;Tyler Eddy;16;29;45;2;1;C;M;;19;;10;;M;1;1;;;;;;;;;;;;;;;;;;;;;;;;;;;;;
;9;07-mar-14;2014;March;07:51:00;Isabela;Caleta Webb;Oeste fria;Tyler Eddy;17;29;47;2;1;C;M;;19;;10;;M;1;1;;Paralabrax albomaculatus;;;;;;1;;;;;;;;;;;;;;;;;;;;;
;10;07-mar-14;2014;March;07:53:15;Isabela;Caleta Webb;Oeste fria;Tyler Eddy;14;29;44;2;1;C;M;;19;;10;;M;1;1;;;;;;;;;;;;;;;;;;;;;;;;;;;;;
;11;07-mar-14;2014;March;07:55:30;Isabela;Caleta Webb;Oeste fria;Tyler Eddy;16;29;37;2;1;C;M;;19;;10;;M;1;1;;;;;;;;;;;;;;;;;;;;;;;;;;;;;
;12;07-mar-14;2014;March;07:57:45;Isabela;Caleta Webb;Oeste fria;Tyler Eddy;16;29;40;2;1;C;M;;19;;10;;M;1;1;;;;;;;;;;;;;;;;;;;;;;;;;;;;;
;13;07-mar-14;2014;March;08:00:00;Isabela;Caleta Webb;Oeste fria;Tyler Eddy;15;29;27;2;1;C;M;;19;;10;;M;1;1;;;;;;;;;;;;;;;;;;;;;;;;;;;;;
;1;07-mar-14;2014;March;09:54:15;Isabela;Radar Isabela;Oeste fria;Tyler Eddy;11;22;40;2;1;C;M;;18;;10;;R;1;1;;;;;;;;;;;;;;;;;;;;;;;;;;;;;
;2;07-mar-14;2014;March;09:56:30;Isabela;Radar Isabela;Oeste fria;Tyler Eddy;15;22;43;2;1;C;M;;18;;10;;R;1;1;;;;;;;;;;;;;;;;;;;;;;;;;;;;;
;3;07-mar-14;2014;March;09:58:45;Isabela;Radar Isabela;Oeste fria;Tyler Eddy;16;22;50;2;1;C;M;;18;;10;;R;1;1;;;;;;;;;;;;;;;;;;;;;;;;;;;;;
;4;07-mar-14;2014;March;10:01:00;Isabela;Radar Isabela;Oeste fria;Tyler Eddy;15;22;41;2;1;C;M;;18;;10;;R;1;1;;;;;;;;;;;;;;;;;;;;;;;;;;;;;
;5;07-mar-14;2014;March;10:03:15;Isabela;Radar Isabela;Oeste fria;Tyler Eddy;15;22;44;2;1;C;M;;18;;10;;R;1;1;;;;;;;;;;;;;;;;;;;;;;;;;;;;;
;6;07-mar-14;2014;March;10:05:30;Isabela;Radar Isabela;Oeste fria;Tyler Eddy;16;22;45;2;1;C;M;;18;;10;;R;1;1;;;;;;;;;;;;;;;;;;;;;;;;;;;;;
;7;07-mar-14;2014;March;10:07:45;Isabela;Radar Isabela;Oeste fria;Tyler Eddy;16;22;56;2;1;C;M;;18;;10;;R;1;1;;Mycteroperca olfax;;;;;;1;;;;;;;;;;;;;;;;;;;;;
;8;07-mar-14;2014;March;10:10:00;Isabela;Radar Isabela;Oeste fria;Tyler Eddy;16;22;42;2;1;C;M;;18;;10;;R;1;1;;;;;;;;;;;;;;;;;;;;;;;;;;;;;
;9;07-mar-14;2014;March;10:12:15;Isabela;Radar Isabela;Oeste fria;Tyler Eddy;14;22;43;2;1;C;M;;18;;10;;R;1;1;;;;;;;;;;;;;;;;;;;;;;;;;;;;;
;10;07-mar-14;2014;March;10:14:30;Isabela;Radar Isabela;Oeste fria;Tyler Eddy;14;22;27;2;1;C;M;;18;;10;;R;1;1;;;;;;;;;;;;;;;;;;;;;;;;;;;;;
;1;07-mar-14;2014;March;12:47:15;Isabela;Caleta Iguana;Oeste fria;Tyler Eddy;13;33;55;2;1;C;M;;20;;10;;R;1;2;;Mycteroperca olfax;;;;;;;1;2;;;;;;;;;;;;;;;;;;;
;1;07-mar-14;2014;March;12:47:15;Isabela;Caleta Iguana;Oeste fria;Tyler Eddy;13;33;55;2;1;C;M;;20;;10;;R;1;2;;Paralabrax albomaculatus;;;1;;;;;;;;;;;;;;;;;;;;;;;;
;2;07-mar-14;2014;March;12:49:30;Isabela;Caleta Iguana;Oeste fria;Tyler Eddy;14;33;53;2;1;C;M;;20;;10;;R;1;2;;;;;;;;;;;;;;;;;;;;;;;;;;;;;
;3;07-mar-14;2014;March;12:51:45;Isabela;Caleta Iguana;Oeste fria;Tyler Eddy;13;33;54;2;1;C;M;;20;;10;;R;1;2;;;;;;;;;;;;;;;;;;;;;;;;;;;;;
;4;07-mar-14;2014;March;12:54:00;Isabela;Caleta Iguana;Oeste fria;Tyler Eddy;15;33;44;2;1;C;M;;20;;10;;R;1;2;;Paralabrax albomaculatus;;;;;;1;;;;;;;;;;;;;;;;;;;;;
;5;07-mar-14;2014;March;12:56:15;Isabela;Caleta Iguana;Oeste fria;Tyler Eddy;14;33;59;2;1;C;M;;20;;10;;R;1;2;;;;;;;;;;;;;;;;;;;;;;;;;;;;;
;6;07-mar-14;2014;March;12:58:30;Isabela;Caleta Iguana;Oeste fria;Tyler Eddy;14;33;56;2;1;C;M;;20;;10;;R;1;2;;;;;;;;;;;;;;;;;;;;;;;;;;;;;
;7;07-mar-14;2014;March;13:00:45;Isabela;Caleta Iguana;Oeste fria;Tyler Eddy;15;33;45;2;1;C;M;;20;;10;;R;1;2;;;;;;;;;;;;;;;;;;;;;;;;;;;;;
;8;07-mar-14;2014;March;13:03:00;Isabela;Caleta Iguana;Oeste fria;Tyler Eddy;18;33;60;2;1;C;M;;20;;10;;R;1;2;;;;;;;;;;;;;;;;;;;;;;;;;;;;;
;9;07-mar-14;2014;March;13:05:15;Isabela;Caleta Iguana;Oeste fria;Tyler Eddy;14;33;56;2;1;C;M;;20;;10;;R;1;2;;Mycteroperca olfax;;;;;;1;;;;;;;;;;;;;;;;;;;;;
;10;07-mar-14;2014;March;13:07:30;Isabela;Caleta Iguana;Oeste fria;Tyler Eddy;15;33;50;2;1;C;M;;20;;10;;R;1;2;;;;;;;;;;;;;;;;;;;;;;;;;;;;;
;11;07-mar-14;2014;March;13:09:45;Isabela;Caleta Iguana;Oeste fria;Tyler Eddy;14;33;57;2;1;C;M;;20;;10;;R;1;2;;Mycteroperca olfax;;;;;;;2;;;;;;;;;;;;;;;;;;;;
;12;07-mar-14;2014;March;13:12:00;Isabela;Caleta Iguana;Oeste fria;Tyler Eddy;15;33;51;2;1;C;M;;20;;10;;R;1;2;;;;;;;;;;;;;;;;;;;;;;;;;;;;;
;13;07-mar-14;2014;March;13:14:15;Isabela;Caleta Iguana;Oeste fria;Tyler Eddy;15;33;43;2;1;C;M;;20;;10;;R;1;2;;;;;;;;;;;;;;;;;;;;;;;;;;;;;
;14;07-mar-14;2014;March;13:16:30;Isabela;Caleta Iguana;Oeste fria;Tyler Eddy;16;33;57;2;1;C;M;;20;;10;;R;1;2;;;;;;;;;;;;;;;;;;;;;;;;;;;;;
;15;07-mar-14;2014;March;13:18:45;Isabela;Caleta Iguana;Oeste fria;Tyler Eddy;16;33;39;2;1;C;M;;20;;10;;R;1;2;;Mycteroperca olfax;;;;;;;;2;;;;;;;;;;;;;;;;;;;
;1;08-mar-11;2014;March;07:16:30;Isabela;Isabela Sur 1;Oeste fria;Tyler Eddy;17;27;53;2;1;C;M;;20;;7;;M;1;0;;Mycteroperca olfax;;1;;;;2;;1;;;;;;;;;;;;;;;;;;;
;2;08-mar-11;2014;March;07:18:45;Isabela;Isabela Sur 1;Oeste fria;Tyler Eddy;16;27;46;2;1;C;M;;20;;7;;M;1;0;;Mycteroperca olfax;;;;;;1;;;;;;;;;;;;;;;;;;;;;
;3;08-mar-11;2014;March;07:21:00;Isabela;Isabela Sur 1;Oeste fria;Tyler Eddy;16;27;44;2;1;C;M;;20;;7;;M;1;0;;;;;;;;;;;;;;;;;;;;;;;;;;;;;
;4;08-mar-11;2014;March;07:23:15;Isabela;Isabela Sur 1;Oeste fria;Tyler Eddy;16;27;48;2;1;C;M;;20;;7;;M;1;0;;;;;;;;;;;;;;;;;;;;;;;;;;;;;
;5;08-mar-11;2014;March;07:25:30;Isabela;Isabela Sur 1;Oeste fria;Tyler Eddy;15;27;53;2;1;C;M;;20;;7;;M;1;0;;;;;;;;;;;;;;;;;;;;;;;;;;;;;
;6;08-mar-11;2014;March;07:27:45;Isabela;Isabela Sur 1;Oeste fria;Tyler Eddy;17;27;45;2;1;C;M;;20;;7;;M;1;0;;;;;;;;;;;;;;;;;;;;;;;;;;;;;
;7;08-mar-11;2014;March;07:30:00;Isabela;Isabela Sur 1;Oeste fria;Tyler Eddy;15;27;45;2;1;C;M;;20;;7;;M;1;0;;Mycteroperca olfax;;;;;;;1;;;;;;;;;;;;;;;;;;;;
;8;08-mar-11;2014;March;07:32:15;Isabela;Isabela Sur 1;Oeste fria;Tyler Eddy;13;27;54;2;1;C;M;;20;;7;;R;2;0;;;;;;;;;;;;;;;;;;;;;;;;;;;;;
;9;08-mar-11;2014;March;07:34:30;Isabela;Isabela Sur 1;Oeste fria;Tyler Eddy;15;27;53;2;1;C;M;;20;;7;;R;2;0;;;;;;;;;;;;;;;;;;;;;;;;;;;;;
;10;08-mar-11;2014;March;07:36:45;Isabela;Isabela Sur 1;Oeste fria;Tyler Eddy;15;27;51;2;1;C;M;;20;;7;;R;2;0;;;;;;;;;;;;;;;;;;;;;;;;;;;;;
;11;08-mar-11;2014;March;07:39:00;Isabela;Isabela Sur 1;Oeste fria;Tyler Eddy;15;27;53;2;1;C;M;;20;;7;;R;2;0;;;;;;;;;;;;;;;;;;;;;;;;;;;;;
;12;08-mar-11;2014;March;07:41:15;Isabela;Isabela Sur 1;Oeste fria;Tyler Eddy;14;27;28;2;1;C;M;;20;;7;;R;2;0;;;;;;;;;;;;;;;;;;;;;;;;;;;;;
;1;08-mar-14;2014;March;11:00:00;Isabela;Roca Unión;Oeste fria;David Acuña;16;30;54;2;1;C;M;;20;;4;;R;2;1;;;;;;;;;;;;;;;;;;;;;;;;;;;;;
;2;08-mar-14;2014;March;11:02:15;Isabela;Roca Unión;Oeste fria;David Acuña;16;30;65;2;1;C;M;;20;;4;;R;3;1;;;;;;;;;;;;;;;;;;;;;;;;;;;;;
;3;08-mar-14;2014;March;11:04:30;Isabela;Roca Unión;Oeste fria;David Acuña;16;30;59;2;1;C;M;;20;;4;;R;3;1;;;;;;;;;;;;;;;;;;;;;;;;;;;;;
;4;08-mar-14;2014;March;11:06:45;Isabela;Roca Unión;Oeste fria;David Acuña;16;30;47;2;1;C;M;;20;;4;;R;3;1;;;;;;;;;;;;;;;;;;;;;;;;;;;;;
;5;08-mar-14;2014;March;11:09:00;Isabela;Roca Unión;Oeste fria;David Acuña;16;30;36;2;1;C;M;;20;;4;;R;3;1;;;;;;;;;;;;;;;;;;;;;;;;;;;;;
;6;08-mar-14;2014;March;11:11:15;Isabela;Roca Unión;Oeste fria;David Acuña;16;30;44;2;1;C;M;;20;;4;;M;2;1;;;;;;;;;;;;;;;;;;;;;;;;;;;;;
;7;08-mar-14;2014;March;11:13:30;Isabela;Roca Unión;Oeste fria;David Acuña;16;30;42;2;1;C;M;;20;;4;;M;2;1;;Dasyatis brevis;hembra;;;;;1;;;;;;;;;;;;;;;;;;;;;
;8;08-mar-14;2014;March;11:15:45;Isabela;Roca Unión;Oeste fria;David Acuña;16;30;46;2;1;C;M;;20;;4;;M;2;1;;;;;;;;;;;;;;;;;;;;;;;;;;;;;
;9;08-mar-14;2014;March;11:18:00;Isabela;Roca Unión;Oeste fria;David Acuña;16;30;42;2;1;C;M;;20;;4;;M;2;1;;;;;;;;;;;;;;;;;;;;;;;;;;;;;
;10;08-mar-14;2014;March;11:20:15;Isabela;Roca Unión;Oeste fria;David Acuña;16;30;45;2;1;C;M;;20;;4;;M;2;2;;;;;;;;;;;;;;;;;;;;;;;;;;;;;
;1;08-mar-11;2014;March;15:23:45;Isabela;Isla Tortuga;Oeste fria;Tyler Eddy;15;27;40;2;1;C;M;;21;;15;;M;0;1;;;;;;;;;;;;;;;;;;;;;;;;;;;;;
;2;08-mar-11;2014;March;15:26:00;Isabela;Isla Tortuga;Oeste fria;Tyler Eddy;17;27;39;2;1;C;M;;21;;15;;M;0;1;;;;;;;;;;;;;;;;;;;;;;;;;;;;;
;3;08-mar-11;2014;March;15:28:15;Isabela;Isla Tortuga;Oeste fria;Tyler Eddy;17;27;45;2;1;C;M;;21;;15;;M;0;1;;;;;;;;;;;;;;;;;;;;;;;;;;;;;
;4;08-mar-11;2014;March;15:30:30;Isabela;Isla Tortuga;Oeste fria;Tyler Eddy;16;27;38;2;1;C;M;;21;;15;;M;0;1;;;;;;;;;;;;;;;;;;;;;;;;;;;;;
;5;08-mar-11;2014;March;15:32:45;Isabela;Isla Tortuga;Oeste fria;Tyler Eddy;14;27;47;2;1;C;M;;21;;15;;M;0;1;;;;;;;;;;;;;;;;;;;;;;;;;;;;;
;6;08-mar-11;2014;March;15:35:00;Isabela;Isla Tortuga;Oeste fria;Tyler Eddy;15;27;44;2;1;C;M;;21;;15;;M;0;1;;;;;;;;;;;;;;;;;;;;;;;;;;;;;
;7;08-mar-11;2014;March;15:37:15;Isabela;Isla Tortuga;Oeste fria;Tyler Eddy;13;27;47;2;1;C;M;;21;;15;;M;0;1;;;;;;;;;;;;;;;;;;;;;;;;;;;;;
;8;08-mar-11;2014;March;15:39:30;Isabela;Isla Tortuga;Oeste fria;Tyler Eddy;14;27;32;2;1;C;M;;21;;15;;M;0;1;;;;;;;;;;;;;;;;;;;;;;;;;;;;;
;9;08-mar-11;2014;March;15:41:45;Isabela;Isla Tortuga;Oeste fria;Tyler Eddy;15;27;29;2;1;C;M;;21;;15;;M;0;1;;;;;;;;;;;;;;;;;;;;;;;;;;;;;
;10;08-mar-11;2014;March;15:44:00;Isabela;Isla Tortuga;Oeste fria;Tyler Eddy;12;27;39;2;1;C;M;;21;;15;;M;0;1;;;;;;;;;;;;;;;;;;;;;;;;;;;;;
;11;08-mar-11;2014;March;15:46:15;Isabela;Isla Tortuga;Oeste fria;Tyler Eddy;13;27;31;2;1;C;M;;21;;15;;M;0;1;;;;;;;;;;;;;;;;;;;;;;;;;;;;;
;12;08-mar-11;2014;March;15:48:30;Isabela;Isla Tortuga;Oeste fria;Tyler Eddy;16;27;28;2;1;C;M;;21;;15;;M;0;1;;;;;;;;;;;;;;;;;;;;;;;;;;;;;
;;;;;;;;;;;;;;;;;;;;;;;;;;;;;;;;;;;;;;;;;;;;;;;;;;;;;
;;;;;;;;;;;;;;;;;;;;;;;;;;;;;;;;;;;;;;;;;;;;;;;;;;;;;
;;;;;;;;;;;;;;;;;;;;;;;;;;;;;;;;;;;;;;;;;;;;;;;;;;;;;
;;;;;;;;;;;;;;;;;;;;;;;;;;;;;;;;;;;;;;;;;;;;;;;;;;;;;
;;;;;;;;;;;;;;;;;;;;;;;;;;;;;;;;;;;;;;;;;;;;;;;;;;;;;
;;;;;;;;;;;;;;;;;;;;;;;;;;;;;;;;;;;;;;;;;;;;;;;;;;;;;
;;;;;;;;;;;;;;;;;;;;;;;;;;;;;;;;;;;;;;;;;;;;;;;;;;;;;
;;;;;;;;;;;;;;;;;;;;;;;;;;;;;;;;;;;;;;;;;;;;;;;;;;;;;
;;;;;;;;;;;;;;;;;;;;;;;;;;;;;;;;;;;;;;;;;;;;;;;;;;;;;
;;;;;;;;;;;;;;;;;;;;;;;;;;;;;;;;;;;;;;;;;;;;;;;;;;;;;
;;;;;;;;;;;;;;;;;;;;;;;;;;;;;;;;;;;;;;;;;;;;;;;;;;;;;
;;;;;;;;;;;;;;;;;;;;;;;;;;;;;;;;;;;;;;;;;;;;;;;;;;;;;
;;;;;;;;;;;;;;;;;;;;;;;;;;;;;;;;;;;;;;;;;;;;;;;;;;;;;
;;;;;;;;;;;;;;;;;;;;;;;;;;;;;;;;;;;;;;;;;;;;;;;;;;;;;
;;;;;;;;;;;;;;;;;;;;;;;;;;;;;;;;;;;;;;;;;;;;;;;;;;;;;
;;;;;;;;;;;;;;;;;;;;;;;;;;;;;;;;;;;;;;;;;;;;;;;;;;;;;
;;;;;;;;;;;;;;;;;;;;;;;;;;;;;;;;;;;;;;;;;;;;;;;;;;;;;
;;;;;;;;;;;;;;;;;;;;;;;;;;;;;;;;;;;;;;;;;;;;;;;;;;;;;
;;;;;;;;;;;;;;;;;;;;;;;;;;;;;;;;;;;;;;;;;;;;;;;;;;;;;
;;;;;;;;;;;;;;;;;;;;;;;;;;;;;;;;;;;;;;;;;;;;;;;;;;;;;
;;;;;;;;;;;;;;;;;;;;;;;;;;;;;;;;;;;;;;;;;;;;;;;;;;;;;
;;;;;;;;;;;;;;;;;;;;;;;;;;;;;;;;;;;;;;;;;;;;;;;;;;;;;
;;;;;;;;;;;;;;;;;;;;;;;;;;;;;;;;;;;;;;;;;;;;;;;;;;;;;
;;;;;;;;;;;;;;;;;;;;;;;;;;;;;;;;;;;;;;;;;;;;;;;;;;;;;
;;;;;;;;;;;;;;;;;;;;;;;;;;;;;;;;;;;;;;;;;;;;;;;;;;;;;
;;;;;;;;;;;;;;;;;;;;;;;;;;;;;;;;;;;;;;;;;;;;;;;;;;;;;
;;;;;;;;;;;;;;;;;;;;;;;;;;;;;;;;;;;;;;;;;;;;;;;;;;;;;
;;;;;;;;;;;;;;;;;;;;;;;;;;;;;;;;;;;;;;;;;;;;;;;;;;;;;
;;;;;;;;;;;;;;;;;;;;;;;;;;;;;;;;;;;;;;;;;;;;;;;;;;;;;
;;;;;;;;;;;;;;;;;;;;;;;;;;;;;;;;;;;;;;;;;;;;;;;;;;;;;
;;;;;;;;;;;;;;;;;;;;;;;;;;;;;;;;;;;;;;;;;;;;;;;;;;;;;
;;;;;;;;;;;;;;;;;;;;;;;;;;;;;;;;;;;;;;;;;;;;;;;;;;;;;
;;;;;;;;;;;;;;;;;;;;;;;;;;;;;;;;;;;;;;;;;;;;;;;;;;;;;
;;;;;;;;;;;;;;;;;;;;;;;;;;;;;;;;;;;;;;;;;;;;;;;;;;;;;
;;;;;;;;;;;;;;;;;;;;;;;;;;;;;;;;;;;;;;;;;;;;;;;;;;;;;
;;;;;;;;;;;;;;;;;;;;;;;;;;;;;;;;;;;;;;;;;;;;;;;;;;;;;
;;;;;;;;;;;;;;;;;;;;;;;;;;;;;;;;;;;;;;;;;;;;;;;;;;;;;
;;;;;;;;;;;;;;;;;;;;;;;;;;;;;;;;;;;;;;;;;;;;;;;;;;;;;
;;;;;;;;;;;;;;;;;;;;;;;;;;;;;;;;;;;;;;;;;;;;;;;;;;;;;
;;;;;;;;;;;;;;;;;;;;;;;;;;;;;;;;;;;;;;;;;;;;;;;;;;;;;
;;;;;;;;;;;;;;;;;;;;;;;;;;;;;;;;;;;;;;;;;;;;;;;;;;;;;
;;;;;;;;;;;;;;;;;;;;;;;;;;;;;;;;;;;;;;;;;;;;;;;;;;;;;
;;;;;;;;;;;;;;;;;;;;;;;;;;;;;;;;;;;;;;;;;;;;;;;;;;;;;
;;;;;;;;;;;;;;;;;;;;;;;;;;;;;;;;;;;;;;;;;;;;;;;;;;;;;
;;;;;;;;;;;;;;;;;;;;;;;;;;;;;;;;;;;;;;;;;;;;;;;;;;;;;
;;;;;;;;;;;;;;;;;;;;;;;;;;;;;;;;;;;;;;;;;;;;;;;;;;;;;
;;;;;;;;;;;;;;;;;;;;;;;;;;;;;;;;;;;;;;;;;;;;;;;;;;;;;
;;;;;;;;;;;;;;;;;;;;;;;;;;;;;;;;;;;;;;;;;;;;;;;;;;;;;
;;;;;;;;;;;;;;;;;;;;;;;;;;;;;;;;;;;;;;;;;;;;;;;;;;;;;
;;;;;;;;;;;;;;;;;;;;;;;;;;;;;;;;;;;;;;;;;;;;;;;;;;;;;
;;;;;;;;;;;;;;;;;;;;;;;;;;;;;;;;;;;;;;;;;;;;;;;;;;;;;
;;;;;;;;;;;;;;;;;;;;;;;;;;;;;;;;;;;;;;;;;;;;;;;;;;;;;
;;;;;;;;;;;;;;;;;;;;;;;;;;;;;;;;;;;;;;;;;;;;;;;;;;;;;
;;;;;;;;;;;;;;;;;;;;;;;;;;;;;;;;;;;;;;;;;;;;;;;;;;;;;
;;;;;;;;;;;;;;;;;;;;;;;;;;;;;;;;;;;;;;;;;;;;;;;;;;;;;
;;;;;;;;;;;;;;;;;;;;;;;;;;;;;;;;;;;;;;;;;;;;;;;;;;;;;
;;;;;;;;;;;;;;;;;;;;;;;;;;;;;;;;;;;;;;;;;;;;;;;;;;;;;
;;;;;;;;;;;;;;;;;;;;;;;;;;;;;;;;;;;;;;;;;;;;;;;;;;;;;
;;;;;;;;;;;;;;;;;;;;;;;;;;;;;;;;;;;;;;;;;;;;;;;;;;;;;
;;;;;;;;;;;;;;;;;;;;;;;;;;;;;;;;;;;;;;;;;;;;;;;;;;;;;
;;;;;;;;;;;;;;;;;;;;;;;;;;;;;;;;;;;;;;;;;;;;;;;;;;;;;
;;;;;;;;;;;;;;;;;;;;;;;;;;;;;;;;;;;;;;;;;;;;;;;;;;;;;
;;;;;;;;;;;;;;;;;;;;;;;;;;;;;;;;;;;;;;;;;;;;;;;;;;;;;
;;;;;;;;;;;;;;;;;;;;;;;;;;;;;;;;;;;;;;;;;;;;;;;;;;;;;
;;;;;;;;;;;;;;;;;;;;;;;;;;;;;;;;;;;;;;;;;;;;;;;;;;;;;
;;;;;;;;;;;;;;;;;;;;;;;;;;;;;;;;;;;;;;;;;;;;;;;;;;;;;
;;;;;;;;;;;;;;;;;;;;;;;;;;;;;;;;;;;;;;;;;;;;;;;;;;;;;
;;;;;;;;;;;;;;;;;;;;;;;;;;;;;;;;;;;;;;;;;;;;;;;;;;;;;
;;;;;;;;;;;;;;;;;;;;;;;;;;;;;;;;;;;;;;;;;;;;;;;;;;;;;
;;;;;;;;;;;;;;;;;;;;;;;;;;;;;;;;;;;;;;;;;;;;;;;;;;;;;
;;;;;;;;;;;;;;;;;;;;;;;;;;;;;;;;;;;;;;;;;;;;;;;;;;;;;
;;;;;;;;;;;;;;;;;;;;;;;;;;;;;;;;;;;;;;;;;;;;;;;;;;;;;
;;;;;;;;;;;;;;;;;;;;;;;;;;;;;;;;;;;;;;;;;;;;;;;;;;;;;
;;;;;;;;;;;;;;;;;;;;;;;;;;;;;;;;;;;;;;;;;;;;;;;;;;;;;
;;;;;;;;;;;;;;;;;;;;;;;;;;;;;;;;;;;;;;;;;;;;;;;;;;;;;
;;;;;;;;;;;;;;;;;;;;;;;;;;;;;;;;;;;;;;;;;;;;;;;;;;;;;
;;;;;;;;;;;;;;;;;;;;;;;;;;;;;;;;;;;;;;;;;;;;;;;;;;;;;
;;;;;;;;;;;;;;;;;;;;;;;;;;;;;;;;;;;;;;;;;;;;;;;;;;;;;
;;;;;;;;;;;;;;;;;;;;;;;;;;;;;;;;;;;;;;;;;;;;;;;;;;;;;
;;;;;;;;;;;;;;;;;;;;;;;;;;;;;;;;;;;;;;;;;;;;;;;;;;;;;
;;;;;;;;;;;;;;;;;;;;;;;;;;;;;;;;;;;;;;;;;;;;;;;;;;;;;
;;;;;;;;;;;;;;;;;;;;;;;;;;;;;;;;;;;;;;;;;;;;;;;;;;;;;
;;;;;;;;;;;;;;;;;;;;;;;;;;;;;;;;;;;;;;;;;;;;;;;;;;;;;
;;;;;;;;;;;;;;;;;;;;;;;;;;;;;;;;;;;;;;;;;;;;;;;;;;;;;
;;;;;;;;;;;;;;;;;;;;;;;;;;;;;;;;;;;;;;;;;;;;;;;;;;;;;
;;;;;;;;;;;;;;;;;;;;;;;;;;;;;;;;;;;;;;;;;;;;;;;;;;;;;
;;;;;;;;;;;;;;;;;;;;;;;;;;;;;;;;;;;;;;;;;;;;;;;;;;;;;
;;;;;;;;;;;;;;;;;;;;;;;;;;;;;;;;;;;;;;;;;;;;;;;;;;;;;
;;;;;;;;;;;;;;;;;;;;;;;;;;;;;;;;;;;;;;;;;;;;;;;;;;;;;
;;;;;;;;;;;;;;;;;;;;;;;;;;;;;;;;;;;;;;;;;;;;;;;;;;;;;
;;;;;;;;;;;;;;;;;;;;;;;;;;;;;;;;;;;;;;;;;;;;;;;;;;;;;
;;;;;;;;;;;;;;;;;;;;;;;;;;;;;;;;;;;;;;;;;;;;;;;;;;;;;
;;;;;;;;;;;;;;;;;;;;;;;;;;;;;;;;;;;;;;;;;;;;;;;;;;;;;
;;;;;;;;;;;;;;;;;;;;;;;;;;;;;;;;;;;;;;;;;;;;;;;;;;;;;
;;;;;;;;;;;;;;;;;;;;;;;;;;;;;;;;;;;;;;;;;;;;;;;;;;;;;
;;;;;;;;;;;;;;;;;;;;;;;;;;;;;;;;;;;;;;;;;;;;;;;;;;;;;
;;;;;;;;;;;;;;;;;;;;;;;;;;;;;;;;;;;;;;;;;;;;;;;;;;;;;
;;;;;;;;;;;;;;;;;;;;;;;;;;;;;;;;;;;;;;;;;;;;;;;;;;;;;
;;;;;;;;;;;;;;;;;;;;;;;;;;;;;;;;;;;;;;;;;;;;;;;;;;;;;
;;;;;;;;;;;;;;;;;;;;;;;;;;;;;;;;;;;;;;;;;;;;;;;;;;;;;
;;;;;;;;;;;;;;;;;;;;;;;;;;;;;;;;;;;;;;;;;;;;;;;;;;;;;
;;;;;;;;;;;;;;;;;;;;;;;;;;;;;;;;;;;;;;;;;;;;;;;;;;;;;
;;;;;;;;;;;;;;;;;;;;;;;;;;;;;;;;;;;;;;;;;;;;;;;;;;;;;
;;;;;;;;;;;;;;;;;;;;;;;;;;;;;;;;;;;;;;;;;;;;;;;;;;;;;
;;;;;;;;;;;;;;;;;;;;;;;;;;;;;;;;;;;;;;;;;;;;;;;;;;;;;
;;;;;;;;;;;;;;;;;;;;;;;;;;;;;;;;;;;;;;;;;;;;;;;;;;;;;
;;;;;;;;;;;;;;;;;;;;;;;;;;;;;;;;;;;;;;;;;;;;;;;;;;;;;
;;;;;;;;;;;;;;;;;;;;;;;;;;;;;;;;;;;;;;;;;;;;;;;;;;;;;
;;;;;;;;;;;;;;;;;;;;;;;;;;;;;;;;;;;;;;;;;;;;;;;;;;;;;
;;;;;;;;;;;;;;;;;;;;;;;;;;;;;;;;;;;;;;;;;;;;;;;;;;;;;
;;;;;;;;;;;;;;;;;;;;;;;;;;;;;;;;;;;;;;;;;;;;;;;;;;;;;
;;;;;;;;;;;;;;;;;;;;;;;;;;;;;;;;;;;;;;;;;;;;;;;;;;;;;
;;;;;;;;;;;;;;;;;;;;;;;;;;;;;;;;;;;;;;;;;;;;;;;;;;;;;
;;;;;;;;;;;;;;;;;;;;;;;;;;;;;;;;;;;;;;;;;;;;;;;;;;;;;
;;;;;;;;;;;;;;;;;;;;;;;;;;;;;;;;;;;;;;;;;;;;;;;;;;;;;
;;;;;;;;;;;;;;;;;;;;;;;;;;;;;;;;;;;;;;;;;;;;;;;;;;;;;
;;;;;;;;;;;;;;;;;;;;;;;;;;;;;;;;;;;;;;;;;;;;;;;;;;;;;
;;;;;;;;;;;;;;;;;;;;;;;;;;;;;;;;;;;;;;;;;;;;;;;;;;;;;
;;;;;;;;;;;;;;;;;;;;;;;;;;;;;;;;;;;;;;;;;;;;;;;;;;;;;
;;;;;;;;;;;;;;;;;;;;;;;;;;;;;;;;;;;;;;;;;;;;;;;;;;;;;
;;;;;;;;;;;;;;;;;;;;;;;;;;;;;;;;;;;;;;;;;;;;;;;;;;;;;
;;;;;;;;;;;;;;;;;;;;;;;;;;;;;;;;;;;;;;;;;;;;;;;;;;;;;
;;;;;;;;;;;;;;;;;;;;;;;;;;;;;;;;;;;;;;;;;;;;;;;;;;;;;
;;;;;;;;;;;;;;;;;;;;;;;;;;;;;;;;;;;;;;;;;;;;;;;;;;;;;
;;;;;;;;;;;;;;;;;;;;;;;;;;;;;;;;;;;;;;;;;;;;;;;;;;;;;
;;;;;;;;;;;;;;;;;;;;;;;;;;;;;;;;;;;;;;;;;;;;;;;;;;;;;
;;;;;;;;;;;;;;;;;;;;;;;;;;;;;;;;;;;;;;;;;;;;;;;;;;;;;
;;;;;;;;;;;;;;;;;;;;;;;;;;;;;;;;;;;;;;;;;;;;;;;;;;;;;
;;;;;;;;;;;;;;;;;;;;;;;;;;;;;;;;;;;;;;;;;;;;;;;;;;;;;
;;;;;;;;;;;;;;;;;;;;;;;;;;;;;;;;;;;;;;;;;;;;;;;;;;;;;
;;;;;;;;;;;;;;;;;;;;;;;;;;;;;;;;;;;;;;;;;;;;;;;;;;;;;
;;;;;;;;;;;;;;;;;;;;;;;;;;;;;;;;;;;;;;;;;;;;;;;;;;;;;
;;;;;;;;;;;;;;;;;;;;;;;;;;;;;;;;;;;;;;;;;;;;;;;;;;;;;
;;;;;;;;;;;;;;;;;;;;;;;;;;;;;;;;;;;;;;;;;;;;;;;;;;;;;
;;;;;;;;;;;;;;;;;;;;;;;;;;;;;;;;;;;;;;;;;;;;;;;;;;;;;
;;;;;;;;;;;;;;;;;;;;;;;;;;;;;;;;;;;;;;;;;;;;;;;;;;;;;
;;;;;;;;;;;;;;;;;;;;;;;;;;;;;;;;;;;;;;;;;;;;;;;;;;;;;
;;;;;;;;;;;;;;;;;;;;;;;;;;;;;;;;;;;;;;;;;;;;;;;;;;;;;
;;;;;;;;;;;;;;;;;;;;;;;;;;;;;;;;;;;;;;;;;;;;;;;;;;;;;
;;;;;;;;;;;;;;;;;;;;;;;;;;;;;;;;;;;;;;;;;;;;;;;;;;;;;
;;;;;;;;;;;;;;;;;;;;;;;;;;;;;;;;;;;;;;;;;;;;;;;;;;;;;
;;;;;;;;;;;;;;;;;;;;;;;;;;;;;;;;;;;;;;;;;;;;;;;;;;;;;
;;;;;;;;;;;;;;;;;;;;;;;;;;;;;;;;;;;;;;;;;;;;;;;;;;;;;
;;;;;;;;;;;;;;;;;;;;;;;;;;;;;;;;;;;;;;;;;;;;;;;;;;;;;
;;;;;;;;;;;;;;;;;;;;;;;;;;;;;;;;;;;;;;;;;;;;;;;;;;;;;
;;;;;;;;;;;;;;;;;;;;;;;;;;;;;;;;;;;;;;;;;;;;;;;;;;;;;
;;;;;;;;;;;;;;;;;;;;;;;;;;;;;;;;;;;;;;;;;;;;;;;;;;;;;
;;;;;;;;;;;;;;;;;;;;;;;;;;;;;;;;;;;;;;;;;;;;;;;;;;;;;
;;;;;;;;;;;;;;;;;;;;;;;;;;;;;;;;;;;;;;;;;;;;;;;;;;;;;
;;;;;;;;;;;;;;;;;;;;;;;;;;;;;;;;;;;;;;;;;;;;;;;;;;;;;
;;;;;;;;;;;;;;;;;;;;;;;;;;;;;;;;;;;;;;;;;;;;;;;;;;;;;
;;;;;;;;;;;;;;;;;;;;;;;;;;;;;;;;;;;;;;;;;;;;;;;;;;;;;
;;;;;;;;;;;;;;;;;;;;;;;;;;;;;;;;;;;;;;;;;;;;;;;;;;;;;
;;;;;;;;;;;;;;;;;;;;;;;;;;;;;;;;;;;;;;;;;;;;;;;;;;;;;
;;;;;;;;;;;;;;;;;;;;;;;;;;;;;;;;;;;;;;;;;;;;;;;;;;;;;
;;;;;;;;;;;;;;;;;;;;;;;;;;;;;;;;;;;;;;;;;;;;;;;;;;;;;
;;;;;;;;;;;;;;;;;;;;;;;;;;;;;;;;;;;;;;;;;;;;;;;;;;;;;
;;;;;;;;;;;;;;;;;;;;;;;;;;;;;;;;;;;;;;;;;;;;;;;;;;;;;
;;;;;;;;;;;;;;;;;;;;;;;;;;;;;;;;;;;;;;;;;;;;;;;;;;;;;
;;;;;;;;;;;;;;;;;;;;;;;;;;;;;;;;;;;;;;;;;;;;;;;;;;;;;
;;;;;;;;;;;;;;;;;;;;;;;;;;;;;;;;;;;;;;;;;;;;;;;;;;;;;
;;;;;;;;;;;;;;;;;;;;;;;;;;;;;;;;;;;;;;;;;;;;;;;;;;;;;
;;;;;;;;;;;;;;;;;;;;;;;;;;;;;;;;;;;;;;;;;;;;;;;;;;;;;
;;;;;;;;;;;;;;;;;;;;;;;;;;;;;;;;;;;;;;;;;;;;;;;;;;;;;
;;;;;;;;;;;;;;;;;;;;;;;;;;;;;;;;;;;;;;;;;;;;;;;;;;;;;
;;;;;;;;;;;;;;;;;;;;;;;;;;;;;;;;;;;;;;;;;;;;;;;;;;;;;
;;;;;;;;;;;;;;;;;;;;;;;;;;;;;;;;;;;;;;;;;;;;;;;;;;;;;
;;;;;;;;;;;;;;;;;;;;;;;;;;;;;;;;;;;;;;;;;;;;;;;;;;;;;
;;;;;;;;;;;;;;;;;;;;;;;;;;;;;;;;;;;;;;;;;;;;;;;;;;;;;
;;;;;;;;;;;;;;;;;;;;;;;;;;;;;;;;;;;;;;;;;;;;;;;;;;;;;
;;;;;;;;;;;;;;;;;;;;;;;;;;;;;;;;;;;;;;;;;;;;;;;;;;;;;
;;;;;;;;;;;;;;;;;;;;;;;;;;;;;;;;;;;;;;;;;;;;;;;;;;;;;
;;;;;;;;;;;;;;;;;;;;;;;;;;;;;;;;;;;;;;;;;;;;;;;;;;;;;
;;;;;;;;;;;;;;;;;;;;;;;;;;;;;;;;;;;;;;;;;;;;;;;;;;;;;
;;;;;;;;;;;;;;;;;;;;;;;;;;;;;;;;;;;;;;;;;;;;;;;;;;;;;
;;;;;;;;;;;;;;;;;;;;;;;;;;;;;;;;;;;;;;;;;;;;;;;;;;;;;
;;;;;;;;;;;;;;;;;;;;;;;;;;;;;;;;;;;;;;;;;;;;;;;;;;;;;
;;;;;;;;;;;;;;;;;;;;;;;;;;;;;;;;;;;;;;;;;;;;;;;;;;;;;
;;;;;;;;;;;;;;;;;;;;;;;;;;;;;;;;;;;;;;;;;;;;;;;;;;;;;
;;;;;;;;;;;;;;;;;;;;;;;;;;;;;;;;;;;;;;;;;;;;;;;;;;;;;
;;;;;;;;;;;;;;;;;;;;;;;;;;;;;;;;;;;;;;;;;;;;;;;;;;;;;
;;;;;;;;;;;;;;;;;;;;;;;;;;;;;;;;;;;;;;;;;;;;;;;;;;;;;
;;;;;;;;;;;;;;;;;;;;;;;;;;;;;;;;;;;;;;;;;;;;;;;;;;;;;
;;;;;;;;;;;;;;;;;;;;;;;;;;;;;;;;;;;;;;;;;;;;;;;;;;;;;
;;;;;;;;;;;;;;;;;;;;;;;;;;;;;;;;;;;;;;;;;;;;;;;;;;;;;
;;;;;;;;;;;;;;;;;;;;;;;;;;;;;;;;;;;;;;;;;;;;;;;;;;;;;
;;;;;;;;;;;;;;;;;;;;;;;;;;;;;;;;;;;;;;;;;;;;;;;;;;;;;
;;;;;;;;;;;;;;;;;;;;;;;;;;;;;;;;;;;;;;;;;;;;;;;;;;;;;
;;;;;;;;;;;;;;;;;;;;;;;;;;;;;;;;;;;;;;;;;;;;;;;;;;;;;
;;;;;;;;;;;;;;;;;;;;;;;;;;;;;;;;;;;;;;;;;;;;;;;;;;;;;
;;;;;;;;;;;;;;;;;;;;;;;;;;;;;;;;;;;;;;;;;;;;;;;;;;;;;
;;;;;;;;;;;;;;;;;;;;;;;;;;;;;;;;;;;;;;;;;;;;;;;;;;;;;
;;;;;;;;;;;;;;;;;;;;;;;;;;;;;;;;;;;;;;;;;;;;;;;;;;;;;
;;;;;;;;;;;;;;;;;;;;;;;;;;;;;;;;;;;;;;;;;;;;;;;;;;;;;
;;;;;;;;;;;;;;;;;;;;;;;;;;;;;;;;;;;;;;;;;;;;;;;;;;;;;
;;;;;;;;;;;;;;;;;;;;;;;;;;;;;;;;;;;;;;;;;;;;;;;;;;;;;
;;;;;;;;;;;;;;;;;;;;;;;;;;;;;;;;;;;;;;;;;;;;;;;;;;;;;
;;;;;;;;;;;;;;;;;;;;;;;;;;;;;;;;;;;;;;;;;;;;;;;;;;;;;
;;;;;;;;;;;;;;;;;;;;;;;;;;;;;;;;;;;;;;;;;;;;;;;;;;;;;
;;;;;;;;;;;;;;;;;;;;;;;;;;;;;;;;;;;;;;;;;;;;;;;;;;;;;
;;;;;;;;;;;;;;;;;;;;;;;;;;;;;;;;;;;;;;;;;;;;;;;;;;;;;
;;;;;;;;;;;;;;;;;;;;;;;;;;;;;;;;;;;;;;;;;;;;;;;;;;;;;
;;;;;;;;;;;;;;;;;;;;;;;;;;;;;;;;;;;;;;;;;;;;;;;;;;;;;
;;;;;;;;;;;;;;;;;;;;;;;;;;;;;;;;;;;;;;;;;;;;;;;;;;;;;
;;;;;;;;;;;;;;;;;;;;;;;;;;;;;;;;;;;;;;;;;;;;;;;;;;;;;
;;;;;;;;;;;;;;;;;;;;;;;;;;;;;;;;;;;;;;;;;;;;;;;;;;;;;
;;;;;;;;;;;;;;;;;;;;;;;;;;;;;;;;;;;;;;;;;;;;;;;;;;;;;
;;;;;;;;;;;;;;;;;;;;;;;;;;;;;;;;;;;;;;;;;;;;;;;;;;;;;
;;;;;;;;;;;;;;;;;;;;;;;;;;;;;;;;;;;;;;;;;;;;;;;;;;;;;
;;;;;;;;;;;;;;;;;;;;;;;;;;;;;;;;;;;;;;;;;;;;;;;;;;;;;
;;;;;;;;;;;;;;;;;;;;;;;;;;;;;;;;;;;;;;;;;;;;;;;;;;;;;
;;;;;;;;;;;;;;;;;;;;;;;;;;;;;;;;;;;;;;;;;;;;;;;;;;;;;
;;;;;;;;;;;;;;;;;;;;;;;;;;;;;;;;;;;;;;;;;;;;;;;;;;;;;
;;;;;;;;;;;;;;;;;;;;;;;;;;;;;;;;;;;;;;;;;;;;;;;;;;;;;
;;;;;;;;;;;;;;;;;;;;;;;;;;;;;;;;;;;;;;;;;;;;;;;;;;;;;
;;;;;;;;;;;;;;;;;;;;;;;;;;;;;;;;;;;;;;;;;;;;;;;;;;;;;
;;;;;;;;;;;;;;;;;;;;;;;;;;;;;;;;;;;;;;;;;;;;;;;;;;;;;
;;;;;;;;;;;;;;;;;;;;;;;;;;;;;;;;;;;;;;;;;;;;;;;;;;;;;
;;;;;;;;;;;;;;;;;;;;;;;;;;;;;;;;;;;;;;;;;;;;;;;;;;;;;
;;;;;;;;;;;;;;;;;;;;;;;;;;;;;;;;;;;;;;;;;;;;;;;;;;;;;
;;;;;;;;;;;;;;;;;;;;;;;;;;;;;;;;;;;;;;;;;;;;;;;;;;;;;
;;;;;;;;;;;;;;;;;;;;;;;;;;;;;;;;;;;;;;;;;;;;;;;;;;;;;
;;;;;;;;;;;;;;;;;;;;;;;;;;;;;;;;;;;;;;;;;;;;;;;;;;;;;
;;;;;;;;;;;;;;;;;;;;;;;;;;;;;;;;;;;;;;;;;;;;;;;;;;;;;
;;;;;;;;;;;;;;;;;;;;;;;;;;;;;;;;;;;;;;;;;;;;;;;;;;;;;
;;;;;;;;;;;;;;;;;;;;;;;;;;;;;;;;;;;;;;;;;;;;;;;;;;;;;
;;;;;;;;;;;;;;;;;;;;;;;;;;;;;;;;;;;;;;;;;;;;;;;;;;;;;
;;;;;;;;;;;;;;;;;;;;;;;;;;;;;;;;;;;;;;;;;;;;;;;;;;;;;
;;;;;;;;;;;;;;;;;;;;;;;;;;;;;;;;;;;;;;;;;;;;;;;;;;;;;
;;;;;;;;;;;;;;;;;;;;;;;;;;;;;;;;;;;;;;;;;;;;;;;;;;;;;
;;;;;;;;;;;;;;;;;;;;;;;;;;;;;;;;;;;;;;;;;;;;;;;;;;;;;
;;;;;;;;;;;;;;;;;;;;;;;;;;;;;;;;;;;;;;;;;;;;;;;;;;;;;
;;;;;;;;;;;;;;;;;;;;;;;;;;;;;;;;;;;;;;;;;;;;;;;;;;;;;
;;;;;;;;;;;;;;;;;;;;;;;;;;;;;;;;;;;;;;;;;;;;;;;;;;;;;
;;;;;;;;;;;;;;;;;;;;;;;;;;;;;;;;;;;;;;;;;;;;;;;;;;;;;
;;;;;;;;;;;;;;;;;;;;;;;;;;;;;;;;;;;;;;;;;;;;;;;;;;;;;
;;;;;;;;;;;;;;;;;;;;;;;;;;;;;;;;;;;;;;;;;;;;;;;;;;;;;
;;;;;;;;;;;;;;;;;;;;;;;;;;;;;;;;;;;;;;;;;;;;;;;;;;;;;
;;;;;;;;;;;;;;;;;;;;;;;;;;;;;;;;;;;;;;;;;;;;;;;;;;;;;
;;;;;;;;;;;;;;;;;;;;;;;;;;;;;;;;;;;;;;;;;;;;;;;;;;;;;
;;;;;;;;;;;;;;;;;;;;;;;;;;;;;;;;;;;;;;;;;;;;;;;;;;;;;
;;;;;;;;;;;;;;;;;;;;;;;;;;;;;;;;;;;;;;;;;;;;;;;;;;;;;
;;;;;;;;;;;;;;;;;;;;;;;;;;;;;;;;;;;;;;;;;;;;;;;;;;;;;
;;;;;;;;;;;;;;;;;;;;;;;;;;;;;;;;;;;;;;;;;;;;;;;;;;;;;
;;;;;;;;;;;;;;;;;;;;;;;;;;;;;;;;;;;;;;;;;;;;;;;;;;;;;
;;;;;;;;;;;;;;;;;;;;;;;;;;;;;;;;;;;;;;;;;;;;;;;;;;;;;
;;;;;;;;;;;;;;;;;;;;;;;;;;;;;;;;;;;;;;;;;;;;;;;;;;;;;
;;;;;;;;;;;;;;;;;;;;;;;;;;;;;;;;;;;;;;;;;;;;;;;;;;;;;
;;;;;;;;;;;;;;;;;;;;;;;;;;;;;;;;;;;;;;;;;;;;;;;;;;;;;
;;;;;;;;;;;;;;;;;;;;;;;;;;;;;;;;;;;;;;;;;;;;;;;;;;;;;
;;;;;;;;;;;;;;;;;;;;;;;;;;;;;;;;;;;;;;;;;;;;;;;;;;;;;
;;;;;;;;;;;;;;;;;;;;;;;;;;;;;;;;;;;;;;;;;;;;;;;;;;;;;
;;;;;;;;;;;;;;;;;;;;;;;;;;;;;;;;;;;;;;;;;;;;;;;;;;;;;
;;;;;;;;;;;;;;;;;;;;;;;;;;;;;;;;;;;;;;;;;;;;;;;;;;;;;
;;;;;;;;;;;;;;;;;;;;;;;;;;;;;;;;;;;;;;;;;;;;;;;;;;;;;
;;;;;;;;;;;;;;;;;;;;;;;;;;;;;;;;;;;;;;;;;;;;;;;;;;;;;
;;;;;;;;;;;;;;;;;;;;;;;;;;;;;;;;;;;;;;;;;;;;;;;;;;;;;
;;;;;;;;;;;;;;;;;;;;;;;;;;;;;;;;;;;;;;;;;;;;;;;;;;;;;
;;;;;;;;;;;;;;;;;;;;;;;;;;;;;;;;;;;;;;;;;;;;;;;;;;;;;
;;;;;;;;;;;;;;;;;;;;;;;;;;;;;;;;;;;;;;;;;;;;;;;;;;;;;
;;;;;;;;;;;;;;;;;;;;;;;;;;;;;;;;;;;;;;;;;;;;;;;;;;;;;
;;;;;;;;;;;;;;;;;;;;;;;;;;;;;;;;;;;;;;;;;;;;;;;;;;;;;
;;;;;;;;;;;;;;;;;;;;;;;;;;;;;;;;;;;;;;;;;;;;;;;;;;;;;
;;;;;;;;;;;;;;;;;;;;;;;;;;;;;;;;;;;;;;;;;;;;;;;;;;;;;
;;;;;;;;;;;;;;;;;;;;;;;;;;;;;;;;;;;;;;;;;;;;;;;;;;;;;
;;;;;;;;;;;;;;;;;;;;;;;;;;;;;;;;;;;;;;;;;;;;;;;;;;;;;
;;;;;;;;;;;;;;;;;;;;;;;;;;;;;;;;;;;;;;;;;;;;;;;;;;;;;
;;;;;;;;;;;;;;;;;;;;;;;;;;;;;;;;;;;;;;;;;;;;;;;;;;;;;
;;;;;;;;;;;;;;;;;;;;;;;;;;;;;;;;;;;;;;;;;;;;;;;;;;;;;
;;;;;;;;;;;;;;;;;;;;;;;;;;;;;;;;;;;;;;;;;;;;;;;;;;;;;
;;;;;;;;;;;;;;;;;;;;;;;;;;;;;;;;;;;;;;;;;;;;;;;;;;;;;
;;;;;;;;;;;;;;;;;;;;;;;;;;;;;;;;;;;;;;;;;;;;;;;;;;;;;
;;;;;;;;;;;;;;;;;;;;;;;;;;;;;;;;;;;;;;;;;;;;;;;;;;;;;
;;;;;;;;;;;;;;;;;;;;;;;;;;;;;;;;;;;;;;;;;;;;;;;;;;;;;
;;;;;;;;;;;;;;;;;;;;;;;;;;;;;;;;;;;;;;;;;;;;;;;;;;;;;
;;;;;;;;;;;;;;;;;;;;;;;;;;;;;;;;;;;;;;;;;;;;;;;;;;;;;
;;;;;;;;;;;;;;;;;;;;;;;;;;;;;;;;;;;;;;;;;;;;;;;;;;;;;
;;;;;;;;;;;;;;;;;;;;;;;;;;;;;;;;;;;;;;;;;;;;;;;;;;;;;
;;;;;;;;;;;;;;;;;;;;;;;;;;;;;;;;;;;;;;;;;;;;;;;;;;;;;
;;;;;;;;;;;;;;;;;;;;;;;;;;;;;;;;;;;;;;;;;;;;;;;;;;;;;
;;;;;;;;;;;;;;;;;;;;;;;;;;;;;;;;;;;;;;;;;;;;;;;;;;;;;
;;;;;;;;;;;;;;;;;;;;;;;;;;;;;;;;;;;;;;;;;;;;;;;;;;;;;
;;;;;;;;;;;;;;;;;;;;;;;;;;;;;;;;;;;;;;;;;;;;;;;;;;;;;
;;;;;;;;;;;;;;;;;;;;;;;;;;;;;;;;;;;;;;;;;;;;;;;;;;;;;
;;;;;;;;;;;;;;;;;;;;;;;;;;;;;;;;;;;;;;;;;;;;;;;;;;;;;
;;;;;;;;;;;;;;;;;;;;;;;;;;;;;;;;;;;;;;;;;;;;;;;;;;;;;
;;;;;;;;;;;;;;;;;;;;;;;;;;;;;;;;;;;;;;;;;;;;;;;;;;;;;
;;;;;;;;;;;;;;;;;;;;;;;;;;;;;;;;;;;;;;;;;;;;;;;;;;;;;
;;;;;;;;;;;;;;;;;;;;;;;;;;;;;;;;;;;;;;;;;;;;;;;;;;;;;
;;;;;;;;;;;;;;;;;;;;;;;;;;;;;;;;;;;;;;;;;;;;;;;;;;;;;
;;;;;;;;;;;;;;;;;;;;;;;;;;;;;;;;;;;;;;;;;;;;;;;;;;;;;
;;;;;;;;;;;;;;;;;;;;;;;;;;;;;;;;;;;;;;;;;;;;;;;;;;;;;
;;;;;;;;;;;;;;;;;;;;;;;;;;;;;;;;;;;;;;;;;;;;;;;;;;;;;
;;;;;;;;;;;;;;;;;;;;;;;;;;;;;;;;;;;;;;;;;;;;;;;;;;;;;
;;;;;;;;;;;;;;;;;;;;;;;;;;;;;;;;;;;;;;;;;;;;;;;;;;;;;
;;;;;;;;;;;;;;;;;;;;;;;;;;;;;;;;;;;;;;;;;;;;;;;;;;;;;
;;;;;;;;;;;;;;;;;;;;;;;;;;;;;;;;;;;;;;;;;;;;;;;;;;;;;
;;;;;;;;;;;;;;;;;;;;;;;;;;;;;;;;;;;;;;;;;;;;;;;;;;;;;
;;;;;;;;;;;;;;;;;;;;;;;;;;;;;;;;;;;;;;;;;;;;;;;;;;;;;
;;;;;;;;;;;;;;;;;;;;;;;;;;;;;;;;;;;;;;;;;;;;;;;;;;;;;
;;;;;;;;;;;;;;;;;;;;;;;;;;;;;;;;;;;;;;;;;;;;;;;;;;;;;
;;;;;;;;;;;;;;;;;;;;;;;;;;;;;;;;;;;;;;;;;;;;;;;;;;0;;;
;;;;;;;;;;;;;;;;;;;;;;;;;;;;;;;;;;;;;;;;;;;;;;;;;;0;;;
;;;;;;;;;;;;;;;;;;;;;;;;;;;;;;;;;;;;;;;;;;;;;;;;;;0;;;
;;;;;;;;;;;;;;;;;;;;;;;;;;;;;;;;;;;;;;;;;;;;;;;;;;0;;;
;;;;;;;;;;;;;;;;;;;;;;;;;;;;;;;;;;;;;;;;;;;;;;;;;;0;;;
;;;;;;;;;;;;;;;;;;;;;;;;;;;;;;;;;;;;;;;;;;;;;;;;;;0;;;
;;;;;;;;;;;;;;;;;;;;;;;;;;;;;;;;;;;;;;;;;;;;;;;;;;0;;;
;;;;;;;;;;;;;;;;;;;;;;;;;;;;;;;;;;;;;;;;;;;;;;;;;;0;;;
;;;;;;;;;;;;;;;;;;;;;;;;;;;;;;;;;;;;;;;;;;;;;;;;;;0;;;
;;;;;;;;;;;;;;;;;;;;;;;;;;;;;;;;;;;;;;;;;;;;;;;;;;0;;;
;;;;;;;;;;;;;;;;;;;;;;;;;;;;;;;;;;;;;;;;;;;;;;;;;;0;;;
;;;;;;;;;;;;;;;;;;;;;;;;;;;;;;;;;;;;;;;;;;;;;;;;;;0;;;
;;;;;;;;;;;;;;;;;;;;;;;;;;;;;;;;;;;;;;;;;;;;;;;;;;0;;;
;;;;;;;;;;;;;;;;;;;;;;;;;;;;;;;;;;;;;;;;;;;;;;;;;;0;;;
;;;;;;;;;;;;;;;;;;;;;;;;;;;;;;;;;;;;;;;;;;;;;;;;;;0;;;
;;;;;;;;;;;;;;;;;;;;;;;;;;;;;;;;;;;;;;;;;;;;;;;;;;0;;;
;;;;;;;;;;;;;;;;;;;;;;;;;;;;;;;;;;;;;;;;;;;;;;;;;;0;;;
;;;;;;;;;;;;;;;;;;;;;;;;;;;;;;;;;;;;;;;;;;;;;;;;;;0;;;
;;;;;;;;;;;;;;;;;;;;;;;;;;;;;;;;;;;;;;;;;;;;;;;;;;0;;;
;;;;;;;;;;;;;;;;;;;;;;;;;;;;;;;;;;;;;;;;;;;;;;;;;;0;;;
;;;;;;;;;;;;;;;;;;;;;;;;;;;;;;;;;;;;;;;;;;;;;;;;;;0;;;
;;;;;;;;;;;;;;;;;;;;;;;;;;;;;;;;;;;;;;;;;;;;;;;;;;0;;;
;;;;;;;;;;;;;;;;;;;;;;;;;;;;;;;;;;;;;;;;;;;;;;;;;;0;;;
;;;;;;;;;;;;;;;;;;;;;;;;;;;;;;;;;;;;;;;;;;;;;;;;;;0;;;
;;;;;;;;;;;;;;;;;;;;;;;;;;;;;;;;;;;;;;;;;;;;;;;;;;0;;;
;;;;;;;;;;;;;;;;;;;;;;;;;;;;;;;;;;;;;;;;;;;;;;;;;;0;;;
;;;;;;;;;;;;;;;;;;;;;;;;;;;;;;;;;;;;;;;;;;;;;;;;;;0;;;
;;;;;;;;;;;;;;;;;;;;;;;;;;;;;;;;;;;;;;;;;;;;;;;;;;0;;;
;;;;;;;;;;;;;;;;;;;;;;;;;;;;;;;;;;;;;;;;;;;;;;;;;;0;;;
;;;;;;;;;;;;;;;;;;;;;;;;;;;;;;;;;;;;;;;;;;;;;;;;;;0;;;
;;;;;;;;;;;;;;;;;;;;;;;;;;;;;;;;;;;;;;;;;;;;;;;;;;0;;;
;;;;;;;;;;;;;;;;;;;;;;;;;;;;;;;;;;;;;;;;;;;;;;;;;;0;;;
;;;;;;;;;;;;;;;;;;;;;;;;;;;;;;;;;;;;;;;;;;;;;;;;;;0;;;
;;;;;;;;;;;;;;;;;;;;;;;;;;;;;;;;;;;;;;;;;;;;;;;;;;0;;;
;;;;;;;;;;;;;;;;;;;;;;;;;;;;;;;;;;;;;;;;;;;;;;;;;;0;;;
;;;;;;;;;;;;;;;;;;;;;;;;;;;;;;;;;;;;;;;;;;;;;;;;;;0;;;
;;;;;;;;;;;;;;;;;;;;;;;;;;;;;;;;;;;;;;;;;;;;;;;;;;0;;;
;;;;;;;;;;;;;;;;;;;;;;;;;;;;;;;;;;;;;;;;;;;;;;;;;;0;;;
;;;;;;;;;;;;;;;;;;;;;;;;;;;;;;;;;;;;;;;;;;;;;;;;;;0;;;
;;;;;;;;;;;;;;;;;;;;;;;;;;;;;;;;;;;;;;;;;;;;;;;;;;0;;;
;;;;;;;;;;;;;;;;;;;;;;;;;;;;;;;;;;;;;;;;;;;;;;;;;;0;;;
;;;;;;;;;;;;;;;;;;;;;;;;;;;;;;;;;;;;;;;;;;;;;;;;;;0;;;
;;;;;;;;;;;;;;;;;;;;;;;;;;;;;;;;;;;;;;;;;;;;;;;;;;0;;;
;;;;;;;;;;;;;;;;;;;;;;;;;;;;;;;;;;;;;;;;;;;;;;;;;;0;;;
;;;;;;;;;;;;;;;;;;;;;;;;;;;;;;;;;;;;;;;;;;;;;;;;;;0;;;
;;;;;;;;;;;;;;;;;;;;;;;;;;;;;;;;;;;;;;;;;;;;;;;;;;0;;;
;;;;;;;;;;;;;;;;;;;;;;;;;;;;;;;;;;;;;;;;;;;;;;;;;;0;;;
;;;;;;;;;;;;;;;;;;;;;;;;;;;;;;;;;;;;;;;;;;;;;;;;;;0;;;
;;;;;;;;;;;;;;;;;;;;;;;;;;;;;;;;;;;;;;;;;;;;;;;;;;0;;;
;;;;;;;;;;;;;;;;;;;;;;;;;;;;;;;;;;;;;;;;;;;;;;;;;;0;;;
;;;;;;;;;;;;;;;;;;;;;;;;;;;;;;;;;;;;;;;;;;;;;;;;;;0;;;
;;;;;;;;;;;;;;;;;;;;;;;;;;;;;;;;;;;;;;;;;;;;;;;;;;0;;;
;;;;;;;;;;;;;;;;;;;;;;;;;;;;;;;;;;;;;;;;;;;;;;;;;;0;;;
;;;;;;;;;;;;;;;;;;;;;;;;;;;;;;;;;;;;;;;;;;;;;;;;;;0;;;
;;;;;;;;;;;;;;;;;;;;;;;;;;;;;;;;;;;;;;;;;;;;;;;;;;0;;;
;;;;;;;;;;;;;;;;;;;;;;;;;;;;;;;;;;;;;;;;;;;;;;;;;;0;;;
;;;;;;;;;;;;;;;;;;;;;;;;;;;;;;;;;;;;;;;;;;;;;;;;;;0;;;
;;;;;;;;;;;;;;;;;;;;;;;;;;;;;;;;;;;;;;;;;;;;;;;;;;0;;;
;;;;;;;;;;;;;;;;;;;;;;;;;;;;;;;;;;;;;;;;;;;;;;;;;;0;;;
;;;;;;;;;;;;;;;;;;;;;;;;;;;;;;;;;;;;;;;;;;;;;;;;;;0;;;
;;;;;;;;;;;;;;;;;;;;;;;;;;;;;;;;;;;;;;;;;;;;;;;;;;0;;;
;;;;;;;;;;;;;;;;;;;;;;;;;;;;;;;;;;;;;;;;;;;;;;;;;;0;;;
;;;;;;;;;;;;;;;;;;;;;;;;;;;;;;;;;;;;;;;;;;;;;;;;;;0;;;
;;;;;;;;;;;;;;;;;;;;;;;;;;;;;;;;;;;;;;;;;;;;;;;;;;0;;;
;;;;;;;;;;;;;;;;;;;;;;;;;;;;;;;;;;;;;;;;;;;;;;;;;;0;;;
;;;;;;;;;;;;;;;;;;;;;;;;;;;;;;;;;;;;;;;;;;;;;;;;;;0;;;
;;;;;;;;;;;;;;;;;;;;;;;;;;;;;;;;;;;;;;;;;;;;;;;;;;0;;;
;;;;;;;;;;;;;;;;;;;;;;;;;;;;;;;;;;;;;;;;;;;;;;;;;;0;;;
;;;;;;;;;;;;;;;;;;;;;;;;;;;;;;;;;;;;;;;;;;;;;;;;;;0;;;
;;;;;;;;;;;;;;;;;;;;;;;;;;;;;;;;;;;;;;;;;;;;;;;;;;0;;;
;;;;;;;;;;;;;;;;;;;;;;;;;;;;;;;;;;;;;;;;;;;;;;;;;;0;;;
;;;;;;;;;;;;;;;;;;;;;;;;;;;;;;;;;;;;;;;;;;;;;;;;;;0;;;
;;;;;;;;;;;;;;;;;;;;;;;;;;;;;;;;;;;;;;;;;;;;;;;;;;0;;;
;;;;;;;;;;;;;;;;;;;;;;;;;;;;;;;;;;;;;;;;;;;;;;;;;;0;;;
;;;;;;;;;;;;;;;;;;;;;;;;;;;;;;;;;;;;;;;;;;;;;;;;;;0;;;
;;;;;;;;;;;;;;;;;;;;;;;;;;;;;;;;;;;;;;;;;;;;;;;;;;0;;;
;;;;;;;;;;;;;;;;;;;;;;;;;;;;;;;;;;;;;;;;;;;;;;;;;;0;;;
;;;;;;;;;;;;;;;;;;;;;;;;;;;;;;;;;;;;;;;;;;;;;;;;;;0;;;
;;;;;;;;;;;;;;;;;;;;;;;;;;;;;;;;;;;;;;;;;;;;;;;;;;0;;;
;;;;;;;;;;;;;;;;;;;;;;;;;;;;;;;;;;;;;;;;;;;;;;;;;;0;;;
;;;;;;;;;;;;;;;;;;;;;;;;;;;;;;;;;;;;;;;;;;;;;;;;;;0;;;
;;;;;;;;;;;;;;;;;;;;;;;;;;;;;;;;;;;;;;;;;;;;;;;;;;0;;;
;;;;;;;;;;;;;;;;;;;;;;;;;;;;;;;;;;;;;;;;;;;;;;;;;;0;;;
;;;;;;;;;;;;;;;;;;;;;;;;;;;;;;;;;;;;;;;;;;;;;;;;;;0;;;
;;;;;;;;;;;;;;;;;;;;;;;;;;;;;;;;;;;;;;;;;;;;;;;;;;0;;;
;;;;;;;;;;;;;;;;;;;;;;;;;;;;;;;;;;;;;;;;;;;;;;;;;;0;;;
;;;;;;;;;;;;;;;;;;;;;;;;;;;;;;;;;;;;;;;;;;;;;;;;;;0;;;
;;;;;;;;;;;;;;;;;;;;;;;;;;;;;;;;;;;;;;;;;;;;;;;;;;0;;;
;;;;;;;;;;;;;;;;;;;;;;;;;;;;;;;;;;;;;;;;;;;;;;;;;;0;;;
;;;;;;;;;;;;;;;;;;;;;;;;;;;;;;;;;;;;;;;;;;;;;;;;;;0;;;
;;;;;;;;;;;;;;;;;;;;;;;;;;;;;;;;;;;;;;;;;;;;;;;;;;0;;;
;;;;;;;;;;;;;;;;;;;;;;;;;;;;;;;;;;;;;;;;;;;;;;;;;;0;;;
;;;;;;;;;;;;;;;;;;;;;;;;;;;;;;;;;;;;;;;;;;;;;;;;;;0;;;
;;;;;;;;;;;;;;;;;;;;;;;;;;;;;;;;;;;;;;;;;;;;;;;;;;0;;;
;;;;;;;;;;;;;;;;;;;;;;;;;;;;;;;;;;;;;;;;;;;;;;;;;;0;;;
;;;;;;;;;;;;;;;;;;;;;;;;;;;;;;;;;;;;;;;;;;;;;;;;;;0;;;
;;;;;;;;;;;;;;;;;;;;;;;;;;;;;;;;;;;;;;;;;;;;;;;;;;0;;;
;;;;;;;;;;;;;;;;;;;;;;;;;;;;;;;;;;;;;;;;;;;;;;;;;;0;;;
;;;;;;;;;;;;;;;;;;;;;;;;;;;;;;;;;;;;;;;;;;;;;;;;;;0;;;
;;;;;;;;;;;;;;;;;;;;;;;;;;;;;;;;;;;;;;;;;;;;;;;;;;0;;;
;;;;;;;;;;;;;;;;;;;;;;;;;;;;;;;;;;;;;;;;;;;;;;;;;;0;;;
;;;;;;;;;;;;;;;;;;;;;;;;;;;;;;;;;;;;;;;;;;;;;;;;;;0;;;
;;;;;;;;;;;;;;;;;;;;;;;;;;;;;;;;;;;;;;;;;;;;;;;;;;0;;;
;;;;;;;;;;;;;;;;;;;;;;;;;;;;;;;;;;;;;;;;;;;;;;;;;;0;;;
;;;;;;;;;;;;;;;;;;;;;;;;;;;;;;;;;;;;;;;;;;;;;;;;;;0;;;
;;;;;;;;;;;;;;;;;;;;;;;;;;;;;;;;;;;;;;;;;;;;;;;;;;0;;;
;;;;;;;;;;;;;;;;;;;;;;;;;;;;;;;;;;;;;;;;;;;;;;;;;;0;;;
;;;;;;;;;;;;;;;;;;;;;;;;;;;;;;;;;;;;;;;;;;;;;;;;;;0;;;
;;;;;;;;;;;;;;;;;;;;;;;;;;;;;;;;;;;;;;;;;;;;;;;;;;0;;;
;;;;;;;;;;;;;;;;;;;;;;;;;;;;;;;;;;;;;;;;;;;;;;;;;;0;;;
;;;;;;;;;;;;;;;;;;;;;;;;;;;;;;;;;;;;;;;;;;;;;;;;;;0;;;
;;;;;;;;;;;;;;;;;;;;;;;;;;;;;;;;;;;;;;;;;;;;;;;;;;0;;;
;;;;;;;;;;;;;;;;;;;;;;;;;;;;;;;;;;;;;;;;;;;;;;;;;;0;;;
;;;;;;;;;;;;;;;;;;;;;;;;;;;;;;;;;;;;;;;;;;;;;;;;;;0;;;
;;;;;;;;;;;;;;;;;;;;;;;;;;;;;;;;;;;;;;;;;;;;;;;;;;0;;;
;;;;;;;;;;;;;;;;;;;;;;;;;;;;;;;;;;;;;;;;;;;;;;;;;;0;;;
;;;;;;;;;;;;;;;;;;;;;;;;;;;;;;;;;;;;;;;;;;;;;;;;;;0;;;
;;;;;;;;;;;;;;;;;;;;;;;;;;;;;;;;;;;;;;;;;;;;;;;;;;0;;;
;;;;;;;;;;;;;;;;;;;;;;;;;;;;;;;;;;;;;;;;;;;;;;;;;;0;;;
;;;;;;;;;;;;;;;;;;;;;;;;;;;;;;;;;;;;;;;;;;;;;;;;;;0;;;
;;;;;;;;;;;;;;;;;;;;;;;;;;;;;;;;;;;;;;;;;;;;;;;;;;0;;;
;;;;;;;;;;;;;;;;;;;;;;;;;;;;;;;;;;;;;;;;;;;;;;;;;;0;;;
;;;;;;;;;;;;;;;;;;;;;;;;;;;;;;;;;;;;;;;;;;;;;;;;;;0;;;
;;;;;;;;;;;;;;;;;;;;;;;;;;;;;;;;;;;;;;;;;;;;;;;;;;0;;;
;;;;;;;;;;;;;;;;;;;;;;;;;;;;;;;;;;;;;;;;;;;;;;;;;;0;;;
;;;;;;;;;;;;;;;;;;;;;;;;;;;;;;;;;;;;;;;;;;;;;;;;;;0;;;
;;;;;;;;;;;;;;;;;;;;;;;;;;;;;;;;;;;;;;;;;;;;;;;;;;0;;;
;;;;;;;;;;;;;;;;;;;;;;;;;;;;;;;;;;;;;;;;;;;;;;;;;;0;;;
;;;;;;;;;;;;;;;;;;;;;;;;;;;;;;;;;;;;;;;;;;;;;;;;;;0;;;
;;;;;;;;;;;;;;;;;;;;;;;;;;;;;;;;;;;;;;;;;;;;;;;;;;0;;;
;;;;;;;;;;;;;;;;;;;;;;;;;;;;;;;;;;;;;;;;;;;;;;;;;;0;;;
;;;;;;;;;;;;;;;;;;;;;;;;;;;;;;;;;;;;;;;;;;;;;;;;;;0;;;
;;;;;;;;;;;;;;;;;;;;;;;;;;;;;;;;;;;;;;;;;;;;;;;;;;0;;;
;;;;;;;;;;;;;;;;;;;;;;;;;;;;;;;;;;;;;;;;;;;;;;;;;;0;;;
;;;;;;;;;;;;;;;;;;;;;;;;;;;;;;;;;;;;;;;;;;;;;;;;;;0;;;
;;;;;;;;;;;;;;;;;;;;;;;;;;;;;;;;;;;;;;;;;;;;;;;;;;0;;;
;;;;;;;;;;;;;;;;;;;;;;;;;;;;;;;;;;;;;;;;;;;;;;;;;;0;;;
;;;;;;;;;;;;;;;;;;;;;;;;;;;;;;;;;;;;;;;;;;;;;;;;;;0;;;
;;;;;;;;;;;;;;;;;;;;;;;;;;;;;;;;;;;;;;;;;;;;;;;;;;0;;;
;;;;;;;;;;;;;;;;;;;;;;;;;;;;;;;;;;;;;;;;;;;;;;;;;;0;;;
;;;;;;;;;;;;;;;;;;;;;;;;;;;;;;;;;;;;;;;;;;;;;;;;;;0;;;
;;;;;;;;;;;;;;;;;;;;;;;;;;;;;;;;;;;;;;;;;;;;;;;;;;0;;;
;;;;;;;;;;;;;;;;;;;;;;;;;;;;;;;;;;;;;;;;;;;;;;;;;;0;;;
;;;;;;;;;;;;;;;;;;;;;;;;;;;;;;;;;;;;;;;;;;;;;;;;;;0;;;
;;;;;;;;;;;;;;;;;;;;;;;;;;;;;;;;;;;;;;;;;;;;;;;;;;0;;;
;;;;;;;;;;;;;;;;;;;;;;;;;;;;;;;;;;;;;;;;;;;;;;;;;;0;;;
;;;;;;;;;;;;;;;;;;;;;;;;;;;;;;;;;;;;;;;;;;;;;;;;;;0;;;
;;;;;;;;;;;;;;;;;;;;;;;;;;;;;;;;;;;;;;;;;;;;;;;;;;0;;;
;;;;;;;;;;;;;;;;;;;;;;;;;;;;;;;;;;;;;;;;;;;;;;;;;;0;;;
;;;;;;;;;;;;;;;;;;;;;;;;;;;;;;;;;;;;;;;;;;;;;;;;;;0;;;
;;;;;;;;;;;;;;;;;;;;;;;;;;;;;;;;;;;;;;;;;;;;;;;;;;0;;;
;;;;;;;;;;;;;;;;;;;;;;;;;;;;;;;;;;;;;;;;;;;;;;;;;;0;;;
;;;;;;;;;;;;;;;;;;;;;;;;;;;;;;;;;;;;;;;;;;;;;;;;;;0;;;
;;;;;;;;;;;;;;;;;;;;;;;;;;;;;;;;;;;;;;;;;;;;;;;;;;0;;;
;;;;;;;;;;;;;;;;;;;;;;;;;;;;;;;;;;;;;;;;;;;;;;;;;;0;;;
;;;;;;;;;;;;;;;;;;;;;;;;;;;;;;;;;;;;;;;;;;;;;;;;;;0;;;
;;;;;;;;;;;;;;;;;;;;;;;;;;;;;;;;;;;;;;;;;;;;;;;;;;0;;;
;;;;;;;;;;;;;;;;;;;;;;;;;;;;;;;;;;;;;;;;;;;;;;;;;;0;;;
;;;;;;;;;;;;;;;;;;;;;;;;;;;;;;;;;;;;;;;;;;;;;;;;;;0;;;
;;;;;;;;;;;;;;;;;;;;;;;;;;;;;;;;;;;;;;;;;;;;;;;;;;0;;;
;;;;;;;;;;;;;;;;;;;;;;;;;;;;;;;;;;;;;;;;;;;;;;;;;;0;;;
;;;;;;;;;;;;;;;;;;;;;;;;;;;;;;;;;;;;;;;;;;;;;;;;;;0;;;
;;;;;;;;;;;;;;;;;;;;;;;;;;;;;;;;;;;;;;;;;;;;;;;;;;0;;;
;;;;;;;;;;;;;;;;;;;;;;;;;;;;;;;;;;;;;;;;;;;;;;;;;;0;;;
;;;;;;;;;;;;;;;;;;;;;;;;;;;;;;;;;;;;;;;;;;;;;;;;;;0;;;
;;;;;;;;;;;;;;;;;;;;;;;;;;;;;;;;;;;;;;;;;;;;;;;;;;0;;;
;;;;;;;;;;;;;;;;;;;;;;;;;;;;;;;;;;;;;;;;;;;;;;;;;;0;;;
;;;;;;;;;;;;;;;;;;;;;;;;;;;;;;;;;;;;;;;;;;;;;;;;;;0;;;
;;;;;;;;;;;;;;;;;;;;;;;;;;;;;;;;;;;;;;;;;;;;;;;;;;0;;;
;;;;;;;;;;;;;;;;;;;;;;;;;;;;;;;;;;;;;;;;;;;;;;;;;;0;;;
;;;;;;;;;;;;;;;;;;;;;;;;;;;;;;;;;;;;;;;;;;;;;;;;;;0;;;
;;;;;;;;;;;;;;;;;;;;;;;;;;;;;;;;;;;;;;;;;;;;;;;;;;0;;;
;;;;;;;;;;;;;;;;;;;;;;;;;;;;;;;;;;;;;;;;;;;;;;;;;;0;;;
;;;;;;;;;;;;;;;;;;;;;;;;;;;;;;;;;;;;;;;;;;;;;;;;;;0;;;
;;;;;;;;;;;;;;;;;;;;;;;;;;;;;;;;;;;;;;;;;;;;;;;;;;0;;;
;;;;;;;;;;;;;;;;;;;;;;;;;;;;;;;;;;;;;;;;;;;;;;;;;;0;;;
;;;;;;;;;;;;;;;;;;;;;;;;;;;;;;;;;;;;;;;;;;;;;;;;;;0;;;
;;;;;;;;;;;;;;;;;;;;;;;;;;;;;;;;;;;;;;;;;;;;;;;;;;0;;;
;;;;;;;;;;;;;;;;;;;;;;;;;;;;;;;;;;;;;;;;;;;;;;;;;;0;;;
;;;;;;;;;;;;;;;;;;;;;;;;;;;;;;;;;;;;;;;;;;;;;;;;;;0;;;
;;;;;;;;;;;;;;;;;;;;;;;;;;;;;;;;;;;;;;;;;;;;;;;;;;0;;;
;;;;;;;;;;;;;;;;;;;;;;;;;;;;;;;;;;;;;;;;;;;;;;;;;;0;;;
;;;;;;;;;;;;;;;;;;;;;;;;;;;;;;;;;;;;;;;;;;;;;;;;;;0;;;
;;;;;;;;;;;;;;;;;;;;;;;;;;;;;;;;;;;;;;;;;;;;;;;;;;0;;;
;;;;;;;;;;;;;;;;;;;;;;;;;;;;;;;;;;;;;;;;;;;;;;;;;;0;;;
;;;;;;;;;;;;;;;;;;;;;;;;;;;;;;;;;;;;;;;;;;;;;;;;;;0;;;
;;;;;;;;;;;;;;;;;;;;;;;;;;;;;;;;;;;;;;;;;;;;;;;;;;0;;;
;;;;;;;;;;;;;;;;;;;;;;;;;;;;;;;;;;;;;;;;;;;;;;;;;;0;;;
;;;;;;;;;;;;;;;;;;;;;;;;;;;;;;;;;;;;;;;;;;;;;;;;;;0;;;
;;;;;;;;;;;;;;;;;;;;;;;;;;;;;;;;;;;;;;;;;;;;;;;;;;0;;;
;;;;;;;;;;;;;;;;;;;;;;;;;;;;;;;;;;;;;;;;;;;;;;;;;;0;;;
;;;;;;;;;;;;;;;;;;;;;;;;;;;;;;;;;;;;;;;;;;;;;;;;;;0;;;
;;;;;;;;;;;;;;;;;;;;;;;;;;;;;;;;;;;;;;;;;;;;;;;;;;0;;;
;;;;;;;;;;;;;;;;;;;;;;;;;;;;;;;;;;;;;;;;;;;;;;;;;;0;;;
;;;;;;;;;;;;;;;;;;;;;;;;;;;;;;;;;;;;;;;;;;;;;;;;;;0;;;
;;;;;;;;;;;;;;;;;;;;;;;;;;;;;;;;;;;;;;;;;;;;;;;;;;0;;;
;;;;;;;;;;;;;;;;;;;;;;;;;;;;;;;;;;;;;;;;;;;;;;;;;;0;;;
;;;;;;;;;;;;;;;;;;;;;;;;;;;;;;;;;;;;;;;;;;;;;;;;;;0;;;
;;;;;;;;;;;;;;;;;;;;;;;;;;;;;;;;;;;;;;;;;;;;;;;;;;0;;;
;;;;;;;;;;;;;;;;;;;;;;;;;;;;;;;;;;;;;;;;;;;;;;;;;;0;;;
;;;;;;;;;;;;;;;;;;;;;;;;;;;;;;;;;;;;;;;;;;;;;;;;;;0;;;
;;;;;;;;;;;;;;;;;;;;;;;;;;;;;;;;;;;;;;;;;;;;;;;;;;0;;;
;;;;;;;;;;;;;;;;;;;;;;;;;;;;;;;;;;;;;;;;;;;;;;;;;;0;;;
;;;;;;;;;;;;;;;;;;;;;;;;;;;;;;;;;;;;;;;;;;;;;;;;;;0;;;
;;;;;;;;;;;;;;;;;;;;;;;;;;;;;;;;;;;;;;;;;;;;;;;;;;0;;;
;;;;;;;;;;;;;;;;;;;;;;;;;;;;;;;;;;;;;;;;;;;;;;;;;;0;;;
;;;;;;;;;;;;;;;;;;;;;;;;;;;;;;;;;;;;;;;;;;;;;;;;;;0;;;
;;;;;;;;;;;;;;;;;;;;;;;;;;;;;;;;;;;;;;;;;;;;;;;;;;0;;;
;;;;;;;;;;;;;;;;;;;;;;;;;;;;;;;;;;;;;;;;;;;;;;;;;;0;;;
;;;;;;;;;;;;;;;;;;;;;;;;;;;;;;;;;;;;;;;;;;;;;;;;;;0;;;
